Type,Status,Departure IATA Code,Departure Gate,Departure Delay (min),Scheduled Departure Time,Estimated Departure Time,Actual Departure Time,Arrival IATA Code,Arrival Terminal,Scheduled Arrival Time,Estimated Arrival Time,Airline Name,Flight Number,IATA Flight Number
departure,active,yul,55,32,2023-11-28t19:05:00.000,2023-11-28t19:38:00.000,2023-11-28t19:37:00.000,cdg,2e,2023-11-29t08:05:00.000,2023-11-29t07:38:00.000,delta air lines,8612,dl8612
departure,active,yul,a48,13,2023-11-28t19:10:00.000,2023-11-28t19:02:00.000,2023-11-28t19:23:00.000,yyz,1,2023-11-28t20:46:00.000,2023-11-28t20:13:00.000,azul,7807,ad7807
departure,active,yul,a6,28,2023-11-28t19:25:00.000,2023-11-28t19:33:00.000,2023-11-28t19:53:00.000,yyz,3,2023-11-28t21:00:00.000,2023-11-28t20:46:00.000,porter,130,p3130
departure,active,yul,a61,30,2023-11-28t19:40:00.000,2023-11-28t20:08:00.000,2023-11-28t20:10:00.000,lhr,2,2023-11-29t07:10:00.000,2023-11-29t06:58:00.000,aegean airlines,3089,a33089
departure,active,yul,c84,11,2023-11-28t19:40:00.000,2023-11-28t19:34:00.000,2023-11-28t19:51:00.000,mco,b,2023-11-28t23:18:00.000,2023-11-28t22:44:00.000,air canada rouge,1638,rv1638
departure,active,yul,a9,27,2023-11-28t19:45:00.000,2023-11-28t19:55:00.000,2023-11-28t20:12:00.000,yyc,,2023-11-28t22:43:00.000,2023-11-28t22:28:00.000,lufthansa,6844,lh6844
departure,active,yul,c79,35,2023-11-28t19:45:00.000,2023-11-28t20:20:00.000,,ord,2,2023-11-28t21:23:00.000,,united airlines,8687,ua8687
departure,active,yul,c89,11,2023-11-28t19:50:00.000,2023-11-28t20:01:00.000,,dca,1,2023-11-28t21:45:00.000,,united airlines,8366,ua8366
departure,active,yul,a1,14,2023-11-28t20:00:00.000,2023-11-28t20:14:00.000,,ywg,,2023-11-28t22:17:00.000,,lufthansa,6556,lh6556
departure,active,yul,c73,33,2023-11-28t20:00:00.000,2023-11-28t20:33:00.000,,lga,b,2023-11-28t21:38:00.000,,united airlines,8400,ua8400
departure,active,yul,c74,24,2023-11-28t20:00:00.000,2023-11-28t20:24:00.000,,ewr,a,2023-11-28t21:44:00.000,,tap air portugal,8069,tp8069
departure,active,yul,a8,5,2023-11-28t20:00:00.000,2023-11-28t20:00:00.000,2023-11-28t20:04:00.000,yhz,,2023-11-28t22:41:00.000,2023-11-28t22:22:00.000,air transat,7829,ts7829
departure,active,yul,a48,27,2023-11-28t20:10:00.000,2023-11-28t20:20:00.000,2023-11-28t20:36:00.000,yyz,1,2023-11-28t21:46:00.000,2023-11-28t21:29:00.000,eva air,3089,br3089
departure,active,yul,a63,35,2023-11-28t20:15:00.000,2023-11-28t20:50:00.000,,muc,2,2023-11-29t09:30:00.000,,air canada,9098,ac9098
departure,active,yul,a65,14,2023-11-28t20:20:00.000,2023-11-28t20:20:00.000,2023-11-28t20:34:00.000,cdg,3,2023-11-29t09:20:00.000,2023-11-29t08:45:00.000,porter airlines,7110,pd7110
departure,active,yul,a66,12,2023-11-28t20:20:00.000,2023-11-28t20:05:00.000,2023-11-28t20:31:00.000,lys,1,2023-11-29t09:15:00.000,2023-11-29t09:10:00.000,porter airlines,7572,pd7572
departure,active,yul,a51,13,2023-11-28t20:25:00.000,2023-11-28t20:25:00.000,2023-11-28t20:38:00.000,gva,1,2023-11-29t10:05:00.000,2023-11-29t09:19:00.000,lufthansa,6829,lh6829
departure,active,yul,a55,40,2023-11-28t20:35:00.000,2023-11-28t21:15:00.000,,cmn,2,2023-11-29t09:10:00.000,,royal air maroc,209,at209
departure,active,yul,a49,18,2023-11-28t20:45:00.000,2023-11-28t20:47:00.000,2023-11-28t21:02:00.000,yeg,,2023-11-28t23:37:00.000,2023-11-28t23:15:00.000,lufthansa,6711,lh6711
departure,active,yul,a7,19,2023-11-28t20:45:00.000,2023-11-28t21:04:00.000,,yow,,2023-11-28t21:38:00.000,,lufthansa,6692,lh6692
departure,active,yul,a59,25,2023-11-28t20:45:00.000,2023-11-28t20:49:00.000,2023-11-28t21:10:00.000,lhr,5,2023-11-29t08:20:00.000,2023-11-29t08:06:00.000,finnair,5994,ay5994
departure,active,yul,a2,17,2023-11-28t20:50:00.000,2023-11-28t21:11:00.000,2023-11-28t21:07:00.000,yfc,,2023-11-28t23:03:00.000,2023-11-28t22:57:00.000,united airlines,8164,ua8164
departure,active,yul,a27,16,2023-11-28t20:50:00.000,2023-11-28t21:11:00.000,2023-11-28t21:05:00.000,yqm,,2023-11-28t23:20:00.000,2023-11-28t23:19:00.000,lufthansa,6774,lh6774
departure,active,yul,a52,44,2023-11-28t20:50:00.000,2023-11-28t21:14:00.000,2023-11-28t21:33:00.000,doh,,2023-11-29t17:00:00.000,2023-11-29t16:45:00.000,malaysia airlines,9296,mh9296
departure,active,yul,a8,26,2023-11-28t20:55:00.000,2023-11-28t21:08:00.000,2023-11-28t21:21:00.000,ytz,,2023-11-28t22:20:00.000,2023-11-28t22:24:00.000,porter,2462,p32462
departure,active,yul,a4,14,2023-11-28t21:00:00.000,2023-11-28t20:59:00.000,2023-11-28t21:13:00.000,yhz,,2023-11-28t23:36:00.000,2023-11-28t23:20:00.000,lufthansa,6594,lh6594
departure,active,yul,a68,7,2023-11-28t21:05:00.000,2023-11-28t21:05:00.000,2023-11-28t21:12:00.000,lgw,n,2023-11-29t09:00:00.000,2023-11-29t08:19:00.000,porter airlines,7728,pd7728
departure,active,yul,a50,25,2023-11-28t21:25:00.000,2023-11-28t21:45:00.000,2023-11-28t21:50:00.000,gru,3,2023-11-29t09:30:00.000,2023-11-29t08:56:00.000,azul,7802,ad7802
departure,active,yul,a60,28,2023-11-28t21:25:00.000,2023-11-28t21:55:00.000,2023-11-28t21:52:00.000,cdg,2b,2023-11-29t10:20:00.000,2023-11-29t09:57:00.000,aegean airlines,3063,a33063
departure,active,yul,a64,25,2023-11-28t21:30:00.000,2023-11-28t21:28:00.000,2023-11-28t21:55:00.000,lis,1,2023-11-29t09:20:00.000,2023-11-29t08:42:00.000,lufthansa,6547,lh6547
departure,active,yul,a6,14,2023-11-28t21:30:00.000,,2023-11-28t21:43:00.000,yyt,,2023-11-29t01:30:00.000,2023-11-29t01:13:00.000,lufthansa,6686,lh6686
departure,active,yul,a58,46,2023-11-28t21:45:00.000,2023-11-28t22:11:00.000,2023-11-28t22:31:00.000,bog,1,2023-11-29t04:25:00.000,2023-11-29t04:14:00.000,air canada,98,ac98
departure,active,yul,a7,16,2023-11-28t21:50:00.000,2023-11-28t21:50:00.000,2023-11-28t22:05:00.000,yqb,,2023-11-28t22:48:00.000,2023-11-28t22:36:00.000,lufthansa,6640,lh6640
departure,active,yul,a48,39,2023-11-28t22:00:00.000,2023-11-28t22:14:00.000,2023-11-28t22:39:00.000,yyz,1,2023-11-28t23:36:00.000,2023-11-28t23:33:00.000,air canada,429,ac429
departure,active,yul,,35,2023-11-28t19:45:00.000,2023-11-28t20:06:00.000,2023-11-28t20:19:00.000,ord,,2023-11-28t21:08:00.000,2023-11-28t21:20:00.000,air canada,967,ac967
departure,active,yul,,33,2023-11-28t20:00:00.000,2023-11-28t20:33:00.000,,lga,,2023-11-28t21:16:00.000,,air canada,646,ac646
departure,active,yul,,24,2023-11-28t20:00:00.000,2023-11-28t20:21:00.000,2023-11-28t20:24:00.000,ewr,,2023-11-28t21:35:00.000,2023-11-28t21:20:00.000,air canada,946,ac946
departure,active,yul,a61,42,2023-11-28t23:10:00.000,2023-11-28t23:14:00.000,2023-11-28t23:51:00.000,mex,2,2023-11-29t04:40:00.000,2023-11-29t03:59:00.000,latam airlines,7599,la7599
departure,active,yul,a2,51,2023-11-29t05:00:00.000,2023-11-29t05:40:00.000,2023-11-29t05:50:00.000,yyz,1,2023-11-29t06:34:00.000,2023-11-29t06:39:00.000,air canada,7773,ac7773
departure,active,yul,c84,18,2023-11-29t06:00:00.000,2023-11-29t06:00:00.000,2023-11-29t06:18:00.000,jfk,4,2023-11-29t07:59:00.000,2023-11-29t07:16:00.000,alitalia,5964,az5964
departure,active,yul,a47,27,2023-11-29t06:00:00.000,2023-11-29t05:57:00.000,2023-11-29t06:26:00.000,yyz,1,2023-11-29t07:40:00.000,2023-11-29t07:22:00.000,air canada,481,ac481
departure,active,yul,,8,2023-11-29t06:00:00.000,,2023-11-29t06:08:00.000,ygk,,2023-11-29t07:00:00.000,2023-11-29t06:54:00.000,air creebec,703,yn703
departure,active,yul,c82,40,2023-11-29t06:05:00.000,2023-11-29t06:30:00.000,2023-11-29t06:45:00.000,ord,1,2023-11-29t08:01:00.000,2023-11-29t07:45:00.000,air canada,3054,ac3054
departure,active,yul,c56,43,2023-11-29t06:30:00.000,2023-11-29t06:40:00.000,2023-11-29t07:12:00.000,fll,4,2023-11-29t10:20:00.000,2023-11-29t10:19:00.000,air transat,844,ts844
departure,active,yul,c88,33,2023-11-29t06:44:00.000,2023-11-29t06:54:00.000,2023-11-29t07:16:00.000,lga,c,2023-11-29t08:29:00.000,2023-11-29t08:11:00.000,westjet,6434,ws6434
departure,active,yul,a51,33,2023-11-29t06:45:00.000,2023-11-29t06:43:00.000,2023-11-29t07:18:00.000,vra,,2023-11-29t11:05:00.000,2023-11-29t10:57:00.000,air canada rouge,1746,rv1746
departure,active,yul,c58,21,2023-11-29t06:45:00.000,2023-11-29t07:11:00.000,2023-11-29t07:05:00.000,mco,b,2023-11-29t10:20:00.000,2023-11-29t10:04:00.000,air transat,820,ts820
departure,active,yul,a63,16,2023-11-29t06:45:00.000,2023-11-29t06:45:00.000,2023-11-29t07:00:00.000,vra,,2023-11-29t10:50:00.000,2023-11-29t10:40:00.000,sunwing,6352,wg6352
departure,active,yul,c87,13,2023-11-29t06:45:00.000,2023-11-29t06:45:00.000,2023-11-29t06:57:00.000,dtw,em,2023-11-29t09:04:00.000,2023-11-29t08:22:00.000,korean air,3362,ke3362
departure,active,yul,a34,10,2023-11-29t06:45:00.000,2023-11-29t06:45:00.000,2023-11-29t06:54:00.000,yqb,,2023-11-29t07:40:00.000,2023-11-29t07:30:00.000,pal airlines,832,pb832
departure,active,yul,a1,21,2023-11-29t07:00:00.000,2023-11-29t06:53:00.000,2023-11-29t07:21:00.000,yyz,1,2023-11-29t08:36:00.000,2023-11-29t08:13:00.000,asiana airlines,6124,oz6124
departure,active,yul,c85,28,2023-11-29t07:00:00.000,2023-11-29t07:00:00.000,2023-11-29t07:27:00.000,atl,i,2023-11-29t10:15:00.000,2023-11-29t09:49:00.000,aeromexico,4314,am4314
departure,active,yul,c80,20,2023-11-29t07:00:00.000,2023-11-29t07:00:00.000,2023-11-29t07:19:00.000,ewr,c,2023-11-29t08:52:00.000,2023-11-29t08:05:00.000,air canada,4594,ac4594
departure,active,yul,a67,30,2023-11-29t07:00:00.000,2023-11-29t07:00:00.000,2023-11-29t07:29:00.000,ccc,,2023-11-29t11:00:00.000,2023-11-29t11:08:00.000,sunwing,2348,wg2348
departure,active,yul,a8,31,2023-11-29t07:00:00.000,2023-11-29t07:00:00.000,2023-11-29t07:31:00.000,ytz,,2023-11-29t08:25:00.000,2023-11-29t08:32:00.000,porter,2452,p32452
departure,active,yul,a66,33,2023-11-29t07:05:00.000,2023-11-29t07:30:00.000,2023-11-29t07:38:00.000,puj,a,2023-11-29t12:30:00.000,2023-11-29t12:29:00.000,air transat,398,ts398
departure,active,yul,a5,39,2023-11-29t07:10:00.000,2023-11-29t07:09:00.000,2023-11-29t07:48:00.000,yvr,d,2023-11-29t10:00:00.000,2023-11-29t09:48:00.000,cathay pacific,1505,cx1505
departure,active,yul,c83,30,2023-11-29t07:15:00.000,2023-11-29t07:38:00.000,2023-11-29t07:44:00.000,lga,b,2023-11-29t08:53:00.000,2023-11-29t08:41:00.000,american airlines,4469,aa4469
departure,active,yul,a68,27,2023-11-29t07:20:00.000,2023-11-29t07:53:00.000,2023-11-29t07:46:00.000,cun,4,2023-11-29t12:15:00.000,2023-11-29t11:55:00.000,air transat,538,ts538
departure,active,yul,c77,39,2023-11-29t07:20:00.000,2023-11-29t07:52:00.000,2023-11-29t07:59:00.000,clt,,2023-11-29t10:15:00.000,2023-11-29t10:00:00.000,american airlines,5037,aa5037
departure,active,yul,59,35,2023-11-29t07:30:00.000,2023-11-29t08:09:00.000,2023-11-29t08:04:00.000,pty,2,2023-11-29t13:56:00.000,2023-11-29t13:31:00.000,copa airlines,484,cm484
departure,active,yul,a64,10,2023-11-29t07:30:00.000,2023-11-29t07:40:00.000,,mbj,,2023-11-29t12:15:00.000,,air transat,484,ts484
departure,active,yul,,11,2023-11-29t07:30:00.000,,2023-11-29t07:41:00.000,yvo,,2023-11-29t08:55:00.000,2023-11-29t08:56:00.000,air creebec,207,yn207
departure,active,yul,a2,23,2023-11-29t07:30:00.000,2023-11-29t07:45:00.000,2023-11-29t07:52:00.000,ytz,,2023-11-29t08:56:00.000,2023-11-29t08:56:00.000,air canada,7953,ac7953
departure,active,yul,c86,26,2023-11-29t07:30:00.000,2023-11-29t07:30:00.000,2023-11-29t07:55:00.000,msp,1,2023-11-29t09:47:00.000,2023-11-29t09:15:00.000,air france,2432,af2432
departure,active,yul,c75,36,2023-11-29t07:35:00.000,2023-11-29t07:39:00.000,2023-11-29t08:11:00.000,fll,2,2023-11-29t11:23:00.000,2023-11-29t11:17:00.000,air canada rouge,1600,rv1600
departure,active,yul,a4,37,2023-11-29t07:35:00.000,2023-11-29t07:45:00.000,2023-11-29t08:12:00.000,yyz,3,2023-11-29t09:11:00.000,2023-11-29t09:06:00.000,air transat,7702,ts7702
departure,active,yul,c81,14,2023-11-29t07:40:00.000,2023-11-29t08:03:00.000,2023-11-29t07:54:00.000,phl,f,2023-11-29t09:40:00.000,2023-11-29t08:49:00.000,american airlines,5876,aa5876
departure,active,yul,a7,36,2023-11-29t07:55:00.000,2023-11-29t08:31:00.000,,yhz,,2023-11-29t10:31:00.000,,air canada rouge,1590,rv1590
departure,active,yul,a47,23,2023-11-29t07:55:00.000,2023-11-29t08:18:00.000,,yyg,,2023-11-29t10:27:00.000,,air canada,8214,ac8214
departure,active,yul,a15,21,2023-11-29t07:55:00.000,2023-11-29t08:16:00.000,2023-11-29t08:15:00.000,yqm,,2023-11-29t10:23:00.000,2023-11-29t10:21:00.000,air canada,7992,ac7992
departure,active,yul,a65,22,2023-11-29t08:00:00.000,2023-11-29t08:00:00.000,2023-11-29t08:21:00.000,puj,a,2023-11-29t13:30:00.000,2023-11-29t13:27:00.000,sunwing,4334,wg4334
departure,active,yul,a61,25,2023-11-29t08:00:00.000,2023-11-29t08:25:00.000,,cun,2,2023-11-29t12:55:00.000,,sunwing,5363,wg5363
departure,active,yul,a50,29,2023-11-29t08:00:00.000,2023-11-29t07:55:00.000,2023-11-29t08:29:00.000,yyc,,2023-11-29t10:47:00.000,2023-11-29t10:31:00.000,air canada,321,ac321
departure,active,yul,c75,200,2023-11-29t08:00:00.000,2023-11-29t11:20:00.000,,las,3,2023-11-29t10:50:00.000,,air canada rouge,1707,rv1707
departure,active,yul,c73,32,2023-11-29t08:00:00.000,2023-11-29t08:32:00.000,,bos,b,2023-11-29t09:28:00.000,,united airlines,8416,ua8416
departure,active,yul,c74,34,2023-11-29t08:00:00.000,2023-11-29t08:34:00.000,,lga,b,2023-11-29t09:38:00.000,,united airlines,8182,ua8182
departure,active,yul,a55,30,2023-11-29t08:05:00.000,2023-11-29t08:00:00.000,2023-11-29t08:35:00.000,cun,3,2023-11-29t13:15:00.000,2023-11-29t12:42:00.000,air canada,926,ac926
departure,active,yul,a28,45,2023-11-29t08:05:00.000,2023-11-29t08:25:00.000,2023-11-29t08:50:00.000,ydf,,2023-11-29t11:43:00.000,2023-11-29t12:02:00.000,air canada,7718,ac7718
departure,active,yul,a49,29,2023-11-29t08:10:00.000,2023-11-29t08:09:00.000,2023-11-29t08:38:00.000,yyz,1,2023-11-29t09:46:00.000,2023-11-29t09:34:00.000,asiana airlines,6116,oz6116
departure,active,yul,a48,31,2023-11-29t08:10:00.000,2023-11-29t08:41:00.000,,yeg,,2023-11-29t11:02:00.000,,air canada,331,ac331
departure,active,yul,a60,38,2023-11-29t08:15:00.000,2023-11-29t08:25:00.000,2023-11-29t08:53:00.000,mbj,,2023-11-29t12:55:00.000,2023-11-29t12:55:00.000,air canada,922,ac922
departure,active,yul,a51,15,2023-11-29t08:15:00.000,2023-11-29t08:30:00.000,,puj,a,2023-11-29t13:55:00.000,,air canada rouge,1790,rv1790
departure,active,yul,a27,15,2023-11-29t08:15:00.000,2023-11-29t08:30:00.000,,yow,,2023-11-29t09:08:00.000,,air canada,8001,ac8001
departure,active,yul,c83,40,2023-11-29t08:15:00.000,2023-11-29t08:55:00.000,,ewr,a,2023-11-29t09:54:00.000,,united airlines,8487,ua8487
departure,active,yul,a12,29,2023-11-29t08:15:00.000,,2023-11-29t08:44:00.000,yvo,,2023-11-29t09:35:00.000,2023-11-29t09:49:00.000,air creebec,921,yn921
departure,active,yul,c77,17,2023-11-29t08:30:00.000,2023-11-29t08:47:00.000,,dca,1,2023-11-29t10:25:00.000,,united airlines,8666,ua8666
departure,active,yul,c82,38,2023-11-29t08:30:00.000,2023-11-29t08:18:00.000,2023-11-29t09:07:00.000,den,,2023-11-29t11:06:00.000,2023-11-29t10:55:00.000,united airlines,8523,ua8523
departure,active,yul,c76,39,2023-11-29t08:30:00.000,2023-11-29t08:34:00.000,2023-11-29t09:08:00.000,mia,s,2023-11-29t12:25:00.000,2023-11-29t12:23:00.000,sa avianca,6951,av6951
departure,active,yul,a6,12,2023-11-29t08:30:00.000,2023-11-29t08:26:00.000,2023-11-29t08:42:00.000,yqb,,2023-11-29t09:28:00.000,2023-11-29t09:14:00.000,air canada rouge,1960,rv1960
departure,active,yul,a2,26,2023-11-29t08:30:00.000,2023-11-29t08:45:00.000,2023-11-29t08:55:00.000,ytz,,2023-11-29t09:56:00.000,2023-11-29t09:56:00.000,air canada,7955,ac7955
departure,active,yul,c84,39,2023-11-29t08:30:00.000,2023-11-29t09:09:00.000,,ord,2,2023-11-29t10:12:00.000,,united airlines,8371,ua8371
departure,active,yul,a25,14,2023-11-29t08:30:00.000,,2023-11-29t08:43:00.000,ygw,,2023-11-29t11:25:00.000,2023-11-29t11:08:00.000,air inuit,802,3h802
departure,active,yul,a10,19,2023-11-29t08:45:00.000,2023-11-29t08:45:00.000,2023-11-29t09:04:00.000,ymt,,2023-11-29t10:10:00.000,2023-11-29t10:23:00.000,air creebec,927,yn927
departure,active,yul,c56,27,2023-11-29t08:55:00.000,2023-11-29t08:48:00.000,2023-11-29t09:22:00.000,fll,2,2023-11-29t12:51:00.000,2023-11-29t12:25:00.000,air canada,1002,ac1002
departure,active,yul,a19,47,2023-11-29t09:00:00.000,2023-11-29t09:35:00.000,2023-11-29t09:46:00.000,yqb,,2023-11-29t09:50:00.000,2023-11-29t10:17:00.000,air inuit,720,3h720
departure,active,yul,a66,56,2023-11-29t09:00:00.000,2023-11-29t09:11:00.000,2023-11-29t09:55:00.000,pap,i,2023-11-29t13:30:00.000,2023-11-29t13:50:00.000,air transat,664,ts664
departure,active,yul,a57,20,2023-11-29t09:00:00.000,2023-11-29t09:10:00.000,2023-11-29t09:19:00.000,ptp,,2023-11-29t14:55:00.000,2023-11-29t14:31:00.000,air canada,948,ac948
departure,active,yul,a30,13,2023-11-29t09:00:00.000,2023-11-29t09:15:00.000,2023-11-29t09:13:00.000,ybg,,2023-11-29t10:11:00.000,2023-11-29t10:02:00.000,air canada,7910,ac7910
departure,active,yul,a67,16,2023-11-29t09:01:00.000,2023-11-29t08:56:00.000,2023-11-29t09:17:00.000,mex,2,2023-11-29t14:30:00.000,2023-11-29t13:33:00.000,latam airlines,7728,la7728
departure,active,yul,a47,35,2023-11-29t09:10:00.000,2023-11-29t09:25:00.000,2023-11-29t09:45:00.000,yyz,1,2023-11-29t10:46:00.000,2023-11-29t10:40:00.000,air canada,405,ac405
departure,active,yul,a4,18,2023-11-29t09:15:00.000,2023-11-29t09:28:00.000,2023-11-29t09:33:00.000,ylw,,2023-11-29t11:42:00.000,2023-11-29t11:24:00.000,air canada rouge,1929,rv1929
departure,active,yul,a23,22,2023-11-29t09:15:00.000,2023-11-29t09:37:00.000,,yqy,,2023-11-29t12:06:00.000,,air canada,8096,ac8096
departure,active,yul,a1,15,2023-11-29t09:15:00.000,2023-11-29t09:13:00.000,2023-11-29t09:30:00.000,yvr,d,2023-11-29t12:05:00.000,2023-11-29t11:39:00.000,ana,6819,nh6819
departure,active,yul,c80,37,2023-11-29t09:15:00.000,2023-11-29t10:09:00.000,2023-11-29t09:51:00.000,iad,,2023-11-29t11:21:00.000,2023-11-29t11:14:00.000,air canada,4927,ac4927
departure,active,yul,a63,34,2023-11-29t09:20:00.000,2023-11-29t09:17:00.000,2023-11-29t09:53:00.000,dxb,3,2023-11-30t06:30:00.000,2023-11-30t09:07:00.000,emirates,244,ek244
departure,active,yul,a21,34,2023-11-29t09:30:00.000,2023-11-29t09:30:00.000,2023-11-29t10:03:00.000,ygl,,2023-11-29t11:10:00.000,2023-11-29t11:32:00.000,air inuit,704,3h704
departure,active,yul,a58,18,2023-11-29t09:30:00.000,2023-11-29t09:30:00.000,2023-11-29t09:48:00.000,cun,2,2023-11-29t14:25:00.000,2023-11-29t14:20:00.000,sunwing,5317,wg5317
departure,active,yul,a59,21,2023-11-29t09:30:00.000,2023-11-29t09:32:00.000,2023-11-29t09:50:00.000,pvr,,2023-11-29t15:00:00.000,2023-11-29t14:20:00.000,air canada,999,ac999
departure,active,yul,a8,34,2023-11-29t09:35:00.000,2023-11-29t09:35:00.000,2023-11-29t10:09:00.000,ytz,,2023-11-29t11:00:00.000,2023-11-29t11:12:00.000,air transat,7858,ts7858
departure,active,yul,,23,2023-11-29t09:45:00.000,2023-11-29t09:45:00.000,2023-11-29t10:08:00.000,ymt,,2023-11-29t11:10:00.000,2023-11-29t11:29:00.000,air creebec,233,yn233
departure,active,yul,a68,51,2023-11-29t09:50:00.000,2023-11-29t10:16:00.000,2023-11-29t10:40:00.000,ctg,,2023-11-29t15:30:00.000,2023-11-29t15:43:00.000,air transat,190,ts190
departure,active,yul,c85,12,2023-11-29t09:50:00.000,2023-11-29t09:44:00.000,2023-11-29t10:02:00.000,iah,a,2023-11-29t13:27:00.000,2023-11-29t12:50:00.000,united airlines,8706,ua8706
departure,cancelled,yul,a34,10,2023-11-29t09:55:00.000,2023-11-29t10:05:00.000,,yqb,,2023-11-29t10:55:00.000,,pal airlines,852,pb852
departure,active,yul,a6,12,2023-11-29t09:55:00.000,2023-11-29t09:50:00.000,2023-11-29t10:07:00.000,yyz,3,2023-11-29t11:31:00.000,2023-11-29t11:00:00.000,air transat,7712,ts7712
departure,active,yul,a64,18,2023-11-29t10:00:00.000,2023-11-29t10:00:00.000,2023-11-29t10:17:00.000,puj,a,2023-11-29t15:30:00.000,2023-11-29t15:09:00.000,sunwing,4336,wg4336
departure,active,yul,a15,51,2023-11-29t10:00:00.000,2023-11-29t10:30:00.000,2023-11-29t10:50:00.000,yzv,,2023-11-29t11:41:00.000,2023-11-29t12:10:00.000,air canada,7988,ac7988
departure,active,yul,a17,16,2023-11-29t10:00:00.000,,2023-11-29t10:16:00.000,yvp,,2023-11-29t12:20:00.000,2023-11-29t12:21:00.000,canadian north,162,5t162
departure,active,yul,a48,11,2023-11-29t10:10:00.000,2023-11-29t10:20:00.000,2023-11-29t10:20:00.000,yyz,1,2023-11-29t11:46:00.000,2023-11-29t11:13:00.000,aer lingus,8511,ei8511
departure,active,yul,c86,9,2023-11-29t10:15:00.000,2023-11-29t10:15:00.000,2023-11-29t10:24:00.000,lga,c,2023-11-29t11:49:00.000,2023-11-29t11:14:00.000,westjet,6389,ws6389
departure,active,yul,a65,24,2023-11-29t10:30:00.000,,2023-11-29t10:54:00.000,pvr,,2023-11-29t15:40:00.000,2023-11-29t15:30:00.000,air transat,106,ts106
departure,active,yul,a2,15,2023-11-29t10:30:00.000,2023-11-29t10:45:00.000,2023-11-29t10:45:00.000,ytz,,2023-11-29t11:56:00.000,2023-11-29t11:49:00.000,emirates,5803,ek5803
departure,active,yul,a28,9,2023-11-29t10:40:00.000,2023-11-29t10:55:00.000,2023-11-29t10:48:00.000,yuy,,2023-11-29t12:04:00.000,2023-11-29t11:57:00.000,air canada,7985,ac7985
departure,active,yul,a8,20,2023-11-29t10:45:00.000,2023-11-29t10:50:00.000,2023-11-29t11:04:00.000,ytz,,2023-11-29t12:10:00.000,2023-11-29t12:08:00.000,porter,2460,p32460
departure,active,yul,a12,0,2023-11-29t10:45:00.000,2023-11-29t10:45:00.000,2023-11-29t10:39:00.000,yhz,,2023-11-29t13:25:00.000,2023-11-29t12:55:00.000,air transat,7861,ts7861
departure,active,yul,c81,11,2023-11-29t10:53:00.000,2023-11-29t11:16:00.000,2023-11-29t11:03:00.000,lga,b,2023-11-29t12:30:00.000,2023-11-29t11:53:00.000,american airlines,4550,aa4550
departure,active,yul,c76,25,2023-11-29t11:00:00.000,2023-11-29t11:05:00.000,2023-11-29t11:24:00.000,las,3,2023-11-29t13:50:00.000,2023-11-29t13:37:00.000,air canada,1271,ac1271
departure,active,yul,a32,29,2023-11-29t11:00:00.000,2023-11-29t11:29:00.000,,yow,,2023-11-29t11:49:00.000,,air canada,8003,ac8003
departure,active,yul,c80,21,2023-11-29t11:08:00.000,2023-11-29t11:38:00.000,2023-11-29t11:28:00.000,ewr,c,2023-11-29t13:00:00.000,2023-11-29t12:16:00.000,air canada,4604,ac4604
departure,active,yul,a50,24,2023-11-29t11:10:00.000,2023-11-29t11:03:00.000,2023-11-29t11:34:00.000,yyz,1,2023-11-29t12:46:00.000,2023-11-29t12:21:00.000,sa avianca,6900,av6900
departure,active,yul,a66,30,2023-11-29t11:30:00.000,2023-11-29t11:30:00.000,2023-11-29t12:00:00.000,snu,,2023-11-29t15:30:00.000,2023-11-29t15:33:00.000,sunwing,3306,wg3306
departure,active,yul,a62,21,2023-11-29t11:30:00.000,2023-11-29t11:41:00.000,2023-11-29t11:50:00.000,cle,,2023-11-29t13:17:00.000,2023-11-29t13:05:00.000,delta air lines,8841,dl8841
departure,active,yul,c86,14,2023-11-29t12:05:00.000,2023-11-29t12:10:00.000,2023-11-29t12:18:00.000,jfk,4,2023-11-29t13:59:00.000,2023-11-29t13:19:00.000,air france,5683,af5683
departure,active,yul,a1,70,2023-11-29t12:10:00.000,2023-11-29t13:20:00.000,,yyz,1,2023-11-29t13:46:00.000,,sa avianca,6919,av6919
departure,active,yul,a4,6,2023-11-29t12:30:00.000,2023-11-29t12:30:00.000,2023-11-29t12:36:00.000,yyz,3,2023-11-29t13:55:00.000,2023-11-29t13:29:00.000,air transat,7726,ts7726
departure,active,yul,a8,32,2023-11-29t12:30:00.000,2023-11-29t12:30:00.000,2023-11-29t13:02:00.000,ytz,,2023-11-29t13:55:00.000,2023-11-29t14:03:00.000,air transat,7866,ts7866
departure,active,yul,c81,9,2023-11-29t12:58:00.000,2023-11-29t13:17:00.000,2023-11-29t13:06:00.000,phl,f,2023-11-29t14:43:00.000,2023-11-29t14:02:00.000,qatar airways,9104,qr9104
departure,active,yul,a49,39,2023-11-29t13:00:00.000,2023-11-29t13:39:00.000,,yqb,,2023-11-29t13:58:00.000,,emirates,5814,ek5814
departure,active,yul,a4,65,2023-11-29t13:00:00.000,2023-11-29t14:05:00.000,,yhz,,2023-11-29t15:36:00.000,,lufthansa,6652,lh6652
departure,active,yul,c83,21,2023-11-29t13:05:00.000,2023-11-29t13:26:00.000,,ewr,a,2023-11-29t15:00:00.000,,sas,3880,sk3880
departure,active,yul,c87,21,2023-11-29t13:05:00.000,2023-11-29t13:05:00.000,2023-11-29t13:25:00.000,dtw,em,2023-11-29t15:17:00.000,2023-11-29t14:54:00.000,air france,5829,af5829
departure,active,yul,a51,20,2023-11-29t13:05:00.000,2023-11-29t13:25:00.000,,nrt,1,2023-11-30t16:40:00.000,,ana,6827,nh6827
departure,active,yul,c82,10,2023-11-29t13:05:00.000,2023-11-29t13:15:00.000,,dtw,n,2023-11-29t15:06:00.000,,united airlines,8423,ua8423
departure,active,yul,c77,12,2023-11-29t13:05:00.000,2023-11-29t13:17:00.000,,iad,,2023-11-29t15:00:00.000,,united airlines,8535,ua8535
departure,active,yul,c74,37,2023-11-29t13:05:00.000,2023-11-29t13:42:00.000,,ord,2,2023-11-29t14:47:00.000,,united airlines,8031,ua8031
departure,active,yul,a50,29,2023-11-29t13:10:00.000,2023-11-29t13:09:00.000,2023-11-29t13:39:00.000,yyz,1,2023-11-29t14:46:00.000,2023-11-29t14:37:00.000,aer lingus,8515,ei8515
departure,active,yul,c56,1,2023-11-29t13:10:00.000,2023-11-29t13:11:00.000,,fll,2,2023-11-29t17:06:00.000,,brussels airlines,9643,sn9643
departure,active,yul,c73,10,2023-11-29t13:10:00.000,2023-11-29t13:20:00.000,,bos,b,2023-11-29t14:38:00.000,,brussels airlines,9617,sn9617
departure,active,yul,c76,21,2023-11-29t13:15:00.000,2023-11-29t13:36:00.000,,lga,b,2023-11-29t14:45:00.000,,united airlines,8545,ua8545
departure,active,yul,a48,15,2023-11-29t13:20:00.000,2023-11-29t13:14:00.000,2023-11-29t13:35:00.000,yyt,,2023-11-29t17:20:00.000,2023-11-29t17:03:00.000,emirates,5806,ek5806
departure,active,yul,c88,55,2023-11-29t13:20:00.000,2023-11-29t14:15:00.000,,phl,d,2023-11-29t14:57:00.000,,united airlines,6618,ua6618
departure,active,yul,c86,31,2023-11-29t13:21:00.000,2023-11-29t13:21:00.000,2023-11-29t13:52:00.000,lga,c,2023-11-29t14:54:00.000,2023-11-29t14:46:00.000,westjet,6382,ws6382
departure,active,yul,c85,25,2023-11-29t13:30:00.000,2023-11-29t13:55:00.000,,mco,b,2023-11-29t17:08:00.000,,brussels airlines,9613,sn9613
departure,active,yul,a32,45,2023-11-29t13:30:00.000,2023-11-29t14:15:00.000,,zbf,,2023-11-29t16:07:00.000,,air canada,7720,ac7720
departure,active,yul,a2,35,2023-11-29t13:30:00.000,2023-11-29t14:05:00.000,,ytz,,2023-11-29t14:56:00.000,,air canada,7965,ac7965
departure,active,yul,a9,47,2023-11-29t13:35:00.000,2023-11-29t14:22:00.000,,ysj,,2023-11-29t15:54:00.000,,united airlines,8117,ua8117
departure,active,yul,a6,60,2023-11-29t13:40:00.000,2023-11-29t14:40:00.000,,yfc,,2023-11-29t15:53:00.000,,united airlines,8104,ua8104
departure,active,yul,c84,30,2023-11-29t13:45:00.000,2023-11-29t14:15:00.000,,dca,1,2023-11-29t15:40:00.000,,united airlines,8372,ua8372
departure,active,yul,a11,42,2023-11-29t13:50:00.000,2023-11-29t14:32:00.000,,yvr,d,2023-11-29t16:41:00.000,,emirates,5805,ek5805
departure,active,yul,a47,33,2023-11-29t13:50:00.000,2023-11-29t13:57:00.000,2023-11-29t14:23:00.000,ywg,,2023-11-29t16:07:00.000,2023-11-29t16:06:00.000,lufthansa,6728,lh6728
departure,active,yul,a15,26,2023-11-29t14:00:00.000,2023-11-29t14:26:00.000,,yow,,2023-11-29t14:53:00.000,,emirates,5813,ek5813
departure,active,yul,,0,2023-11-29t14:00:00.000,,,yqb,,2023-11-29t14:40:00.000,,air liaison,920,du920
departure,active,yul,a1,26,2023-11-29t14:10:00.000,2023-11-29t14:20:00.000,2023-11-29t14:36:00.000,yyz,1,2023-11-29t15:46:00.000,2023-11-29t15:33:00.000,etihad airways,3466,ey3466
departure,active,yul,c81,52,2023-11-29t14:20:00.000,2023-11-29t15:28:00.000,2023-11-29t15:12:00.000,clt,,2023-11-29t17:15:00.000,2023-11-29t17:15:00.000,american airlines,5029,aa5029
departure,active,yul,a68,25,2023-11-29t14:25:00.000,2023-11-29t14:35:00.000,2023-11-29t14:50:00.000,cun,4,2023-11-29t19:15:00.000,2023-11-29t19:00:00.000,air transat,938,ts938
departure,active,yul,a67,9,2023-11-29t14:30:00.000,2023-11-29t14:40:00.000,2023-11-29t14:39:00.000,puj,a,2023-11-29t19:55:00.000,2023-11-29t19:28:00.000,air transat,498,ts498
departure,active,yul,a34,34,2023-11-29t14:40:00.000,2023-11-29t14:41:00.000,2023-11-29t15:14:00.000,yqb,,2023-11-29t15:35:00.000,2023-11-29t15:50:00.000,pal airlines,834,pb834
departure,active,yul,c86,10,2023-11-29t14:55:00.000,2023-11-29t14:55:00.000,2023-11-29t15:05:00.000,atl,i,2023-11-29t18:07:00.000,2023-11-29t17:26:00.000,aeromexico,4988,am4988
departure,active,yul,a60,28,2023-11-29t15:00:00.000,2023-11-29t15:00:00.000,2023-11-29t15:27:00.000,azs,,2023-11-29t20:20:00.000,2023-11-29t20:10:00.000,air transat,2974,ts2974
departure,active,yul,c73,19,2023-11-29t15:05:00.000,2023-11-29t15:24:00.000,,ewr,a,2023-11-29t17:00:00.000,,sas,3884,sk3884
departure,active,yul,a58,42,2023-11-29t15:10:00.000,2023-11-29t15:52:00.000,,alg,i,2023-11-30t05:00:00.000,,air algerie,2701,ah2701
departure,active,yul,a61,435,2023-11-29t15:15:00.000,2023-11-29t22:30:00.000,,tun,m,2023-11-30t05:30:00.000,,tunisair,203,tu203
departure,active,yul,c77,17,2023-11-29t15:20:00.000,2023-11-29t15:37:00.000,,lga,b,2023-11-29t16:50:00.000,,united airlines,8186,ua8186
departure,active,yul,c87,14,2023-11-29t15:21:00.000,2023-11-29t15:21:00.000,2023-11-29t15:34:00.000,jfk,4,2023-11-29t17:15:00.000,2023-11-29t16:31:00.000,air france,5749,af5749
departure,active,yul,a64,31,2023-11-29t15:30:00.000,2023-11-29t16:04:00.000,2023-11-29t16:00:00.000,snu,,2023-11-29t19:35:00.000,2023-11-29t19:42:00.000,air transat,2716,ts2716
departure,active,yul,a30,11,2023-11-29t15:30:00.000,2023-11-29t15:45:00.000,2023-11-29t15:41:00.000,ytz,,2023-11-29t16:56:00.000,2023-11-29t16:43:00.000,air canada,7969,ac7969
departure,active,yul,a56,15,2023-11-29t15:50:00.000,2023-11-29t16:00:00.000,2023-11-29t16:04:00.000,ccc,,2023-11-29t19:50:00.000,2023-11-29t19:27:00.000,air canada rouge,1750,rv1750
departure,active,yul,c85,50,2023-11-29t15:50:00.000,2023-11-29t16:40:00.000,,fll,,2023-11-29t19:35:00.000,,flair airlines,1100,f81100
departure,active,yul,,0,2023-11-29t15:50:00.000,,,fll,3,2023-11-29t19:35:00.000,,empty,1551,
departure,active,yul,a8,27,2023-11-29t16:00:00.000,2023-11-29t16:15:00.000,2023-11-29t16:26:00.000,ytz,,2023-11-29t17:25:00.000,2023-11-29t17:28:00.000,porter,2476,p32476
departure,active,yul,c81,15,2023-11-29t16:03:00.000,2023-11-29t16:19:00.000,2023-11-29t16:18:00.000,phl,f,2023-11-29t17:48:00.000,2023-11-29t17:15:00.000,qatar airways,7854,qr7854
departure,active,yul,a49,28,2023-11-29t16:10:00.000,2023-11-29t16:12:00.000,2023-11-29t16:38:00.000,yyz,1,2023-11-29t17:46:00.000,2023-11-29t17:32:00.000,etihad airways,3464,ey3464
departure,active,yul,a9,12,2023-11-29t16:20:00.000,2023-11-29t16:19:00.000,2023-11-29t16:31:00.000,yyc,,2023-11-29t19:11:00.000,2023-11-29t18:50:00.000,air france,3001,af3001
departure,active,yul,c76,3,2023-11-29t16:20:00.000,2023-11-29t16:05:00.000,2023-11-29t16:23:00.000,bos,b,2023-11-29t17:51:00.000,2023-11-29t17:00:00.000,united airlines,8358,ua8358
departure,active,yul,a6,47,2023-11-29t16:29:00.000,2023-11-29t17:16:00.000,,yyz,3,2023-11-29t17:59:00.000,,air transat,7720,ts7720
departure,active,yul,a2,16,2023-11-29t16:30:00.000,2023-11-29t16:45:00.000,2023-11-29t16:45:00.000,ytz,,2023-11-29t17:56:00.000,2023-11-29t17:47:00.000,swiss,4665,lx4665
departure,active,yul,c75,50,2023-11-29t16:35:00.000,2023-11-29t17:00:00.000,2023-11-29t17:24:00.000,fll,2,2023-11-29t20:23:00.000,2023-11-29t20:38:00.000,air canada rouge,1606,rv1606
departure,active,yul,c80,10,2023-11-29t16:45:00.000,2023-11-29t16:45:00.000,2023-11-29t16:54:00.000,ord,1,2023-11-29t18:41:00.000,2023-11-29t17:49:00.000,air canada,3078,ac3078
departure,active,yul,a59,20,2023-11-29t16:50:00.000,2023-11-29t16:50:00.000,2023-11-29t17:09:00.000,zrh,2,2023-11-30t06:15:00.000,2023-11-30t05:56:00.000,air canada,6820,ac6820
departure,active,yul,a57,23,2023-11-29t17:00:00.000,2023-11-29t17:01:00.000,2023-11-29t17:22:00.000,cdg,2e,2023-11-30t05:55:00.000,2023-11-30t05:24:00.000,delta air lines,8262,dl8262
departure,active,yul,a51,31,2023-11-29t17:00:00.000,2023-11-29t16:55:00.000,2023-11-29t17:30:00.000,yyz,1,2023-11-29t18:36:00.000,2023-11-29t18:28:00.000,etihad airways,3470,ey3470
departure,active,yul,a48,20,2023-11-29t17:00:00.000,2023-11-29t17:20:00.000,,yqb,,2023-11-29t17:58:00.000,,swiss,4658,lx4658
departure,active,yul,a32,13,2023-11-29t17:05:00.000,2023-11-29t17:18:00.000,,yow,,2023-11-29t17:54:00.000,,swiss,4682,lx4682
departure,active,yul,a68,26,2023-11-29t17:15:00.000,2023-11-29t17:25:00.000,2023-11-29t17:40:00.000,cun,3,2023-11-29t22:10:00.000,2023-11-29t21:44:00.000,air canada rouge,1884,rv1884
departure,active,yul,c84,35,2023-11-29t17:30:00.000,2023-11-29t18:05:00.000,,msp,1,2023-11-29t19:26:00.000,,united airlines,8558,ua8558
departure,active,yul,a12,12,2023-11-29t17:30:00.000,2023-11-29t17:45:00.000,2023-11-29t17:41:00.000,ytz,,2023-11-29t18:56:00.000,2023-11-29t18:45:00.000,air canada,7973,ac7973
departure,active,yul,c74,51,2023-11-29t17:30:00.000,2023-11-29t18:21:00.000,,lga,b,2023-11-29t19:08:00.000,,united airlines,8382,ua8382
departure,active,yul,c81,44,2023-11-29t17:34:00.000,2023-11-29t17:55:00.000,2023-11-29t18:17:00.000,lga,b,2023-11-29t19:11:00.000,2023-11-29t19:17:00.000,american airlines,4772,aa4772
departure,active,yul,c56,11,2023-11-29t17:35:00.000,2023-11-29t17:26:00.000,2023-11-29t17:46:00.000,lax,6,2023-11-29t20:31:00.000,2023-11-29t19:58:00.000,air new zealand,4783,nz4783
departure,active,yul,,15,2023-11-29t17:55:00.000,2023-11-29t18:10:00.000,,sdq,,2023-11-29t23:40:00.000,,flycana,721,dw721
departure,active,yul,a8,25,2023-11-29t17:55:00.000,2023-11-29t18:20:00.000,2023-11-29t18:20:00.000,ytz,,2023-11-29t19:20:00.000,,air transat,7880,ts7880
departure,active,yul,a50,37,2023-11-29t18:00:00.000,2023-11-29t17:58:00.000,2023-11-29t18:36:00.000,yvr,d,2023-11-29t20:35:00.000,2023-11-29t20:26:00.000,swiss,4674,lx4674
departure,active,yul,a65,24,2023-11-29t18:00:00.000,2023-11-29t18:24:00.000,,fra,1,2023-11-30t07:25:00.000,,aegean airlines,3077,a33077
departure,active,yul,a5,11,2023-11-29t18:10:00.000,2023-11-29t18:21:00.000,,yyz,1,2023-11-29t19:46:00.000,,austrian,8254,os8254
departure,cancelled,yul,a34,0,2023-11-29t18:10:00.000,,,yvo,,2023-11-29t19:30:00.000,,pal airlines,858,pb858
departure,active,yul,a10,4,2023-11-29t18:15:00.000,,2023-11-29t18:19:00.000,yvo,,2023-11-29t19:40:00.000,2023-11-29t19:23:00.000,air creebec,905,yn905
departure,active,yul,c79,20,2023-11-29t18:15:00.000,2023-11-29t18:35:00.000,,sea,,2023-11-29t21:14:00.000,,united airlines,8085,ua8085
departure,active,yul,c83,31,2023-11-29t18:15:00.000,2023-11-29t18:09:00.000,2023-11-29t18:45:00.000,sfo,2,2023-11-29t21:49:00.000,2023-11-29t21:34:00.000,air new zealand,4807,nz4807
departure,active,yul,a30,45,2023-11-29t18:15:00.000,2023-11-29t19:00:00.000,,yow,,2023-11-29t19:04:00.000,,swiss,4634,lx4634
departure,active,yul,a52,32,2023-11-29t18:20:00.000,2023-11-29t18:20:00.000,2023-11-29t18:52:00.000,bcn,1,2023-11-30t07:35:00.000,2023-11-30t07:15:00.000,lufthansa,6631,lh6631
departure,active,yul,a7,45,2023-11-29t18:25:00.000,2023-11-29t19:10:00.000,,yhz,,2023-11-29t21:01:00.000,,swiss,4633,lx4633
departure,active,yul,c76,23,2023-11-29t18:25:00.000,2023-11-29t18:48:00.000,,atl,i,2023-11-29t21:35:00.000,,united airlines,8256,ua8256
departure,active,yul,c80,43,2023-11-29t18:30:00.000,2023-11-29t18:30:00.000,2023-11-29t19:13:00.000,iad,,2023-11-29t20:36:00.000,2023-11-29t20:36:00.000,air canada,4672,ac4672
departure,active,yul,a61,22,2023-11-29t18:35:00.000,2023-11-29t18:35:00.000,2023-11-29t18:57:00.000,vie,3,2023-11-30t08:45:00.000,2023-11-30t08:13:00.000,air canada,6212,ac6212
departure,active,yul,c87,40,2023-11-29t18:40:00.000,2023-11-29t19:00:00.000,2023-11-29t19:20:00.000,lga,c,2023-11-29t20:19:00.000,2023-11-29t20:16:00.000,westjet,6388,ws6388
departure,active,yul,c77,10,2023-11-29t18:40:00.000,2023-11-29t18:50:00.000,2023-11-29t18:50:00.000,dfw,e,2023-11-29t22:10:00.000,,united airlines,8377,ua8377
departure,active,yul,c82,37,2023-11-29t18:40:00.000,2023-11-29t19:17:00.000,,lga,b,2023-11-29t20:18:00.000,,united airlines,8549,ua8549
departure,active,yul,c75,40,2023-11-29t18:45:00.000,2023-11-29t18:42:00.000,2023-11-29t19:24:00.000,mia,s,2023-11-29t22:40:00.000,2023-11-29t22:39:00.000,sa avianca,6953,av6953
departure,active,yul,a58,45,2023-11-29t18:50:00.000,2023-11-29t18:59:00.000,2023-11-29t19:35:00.000,bru,,2023-11-30t07:55:00.000,2023-11-30t07:45:00.000,lufthansa,6599,lh6599
departure,active,yul,a55,115,2023-11-29t18:55:00.000,2023-11-29t20:50:00.000,,mex,1,2023-11-30t00:05:00.000,,air canada,995,ac995
departure,active,yul,c84,37,2023-11-29t18:55:00.000,2023-11-29t19:32:00.000,,jfk,7,2023-11-29t20:27:00.000,,united airlines,6636,ua6636
departure,active,yul,a8,38,2023-11-29t18:55:00.000,2023-11-29t18:55:00.000,2023-11-29t19:33:00.000,ytz,,2023-11-29t20:20:00.000,2023-11-29t20:36:00.000,air transat,7884,ts7884
departure,active,yul,a66,11,2023-11-29t18:55:00.000,2023-11-29t19:06:00.000,,sjo,m,2023-11-29t23:55:00.000,,air transat,196,ts196
departure,active,yul,,11,2023-11-28t19:50:00.000,,2023-11-28t20:01:00.000,dca,,2023-11-28t21:39:00.000,2023-11-28t21:13:00.000,air canada,825,ac825
departure,active,yul,,19,2023-11-28t20:45:00.000,,2023-11-28t21:04:00.000,yow,,2023-11-28t21:34:00.000,2023-11-28t21:30:00.000,air canada,15,ac15
departure,active,yul,,40,2023-11-29t08:15:00.000,2023-11-29t08:46:00.000,2023-11-29t08:55:00.000,ewr,,2023-11-29t09:45:00.000,2023-11-29t09:53:00.000,air canada,938,ac938
departure,active,yul,c77,61,2023-11-29t08:15:00.000,2023-11-29t09:16:00.000,,bos,b,2023-11-29t09:15:00.000,,american airlines,9916,aa9916
departure,cancelled,yul,,0,2023-11-29t14:00:00.000,,,yyz,,2023-11-29t14:54:00.000,,starlink aviation,557,q4557
departure,active,yul,a4,30,2023-11-29t18:30:00.000,2023-11-29t18:58:00.000,2023-11-29t18:59:00.000,ytz,,2023-11-29t19:56:00.000,2023-11-29t20:01:00.000,air canada,7975,ac7975
departure,active,yul,,37,2023-11-29t18:40:00.000,2023-11-29t19:01:00.000,2023-11-29t19:17:00.000,lga,,2023-11-29t19:57:00.000,2023-11-29t20:14:00.000,air canada,644,ac644
departure,active,yul,,23,2023-11-29t07:55:00.000,2023-11-29t08:16:00.000,2023-11-29t08:18:00.000,yyg,,2023-11-29t10:28:00.000,2023-11-29t10:26:00.000,air canada,214,ac214
departure,active,yul,,34,2023-11-29t08:00:00.000,2023-11-29t08:21:00.000,2023-11-29t08:33:00.000,lga,,2023-11-29t09:31:00.000,2023-11-29t09:30:00.000,air canada,634,ac634
departure,active,yul,,32,2023-11-29t08:00:00.000,2023-11-29t08:21:00.000,2023-11-29t08:32:00.000,bos,,2023-11-29t09:19:00.000,2023-11-29t09:24:00.000,air canada,604,ac604
departure,active,yul,,17,2023-11-29t08:30:00.000,2023-11-29t08:52:00.000,2023-11-29t08:47:00.000,dca,,2023-11-29t10:19:00.000,2023-11-29t10:06:00.000,air canada,821,ac821
departure,active,yul,,40,2023-11-29t08:30:00.000,2023-11-29t08:51:00.000,2023-11-29t09:09:00.000,ord,,2023-11-29t09:57:00.000,2023-11-29t10:12:00.000,air canada,959,ac959
departure,active,yul,,22,2023-11-29t09:15:00.000,,2023-11-29t09:37:00.000,yqy,,2023-11-29t12:06:00.000,2023-11-29t12:02:00.000,air canada,96,ac96
departure,active,yul,,29,2023-11-29t11:00:00.000,2023-11-29t11:15:00.000,2023-11-29t11:29:00.000,yow,,2023-11-29t11:33:00.000,2023-11-29t11:53:00.000,air canada,3,ac3
departure,active,yul,,25,2023-11-29t12:30:00.000,,2023-11-29t12:54:00.000,pbi,,2023-11-29t16:25:00.000,2023-11-29t16:02:00.000,red wing aeroplane,620,
departure,active,yul,,12,2023-11-29t13:05:00.000,,2023-11-29t13:16:00.000,iad,,2023-11-29t14:40:00.000,2023-11-29t14:33:00.000,air canada,723,ac723
departure,active,yul,,11,2023-11-29t13:10:00.000,,2023-11-29t13:20:00.000,bos,,2023-11-29t14:29:00.000,2023-11-29t14:12:00.000,air canada,606,ac606
departure,active,yul,,37,2023-11-29t13:05:00.000,,2023-11-29t13:42:00.000,ord,,2023-11-29t14:10:00.000,2023-11-29t14:43:00.000,air canada,961,ac961
departure,active,yul,,21,2023-11-29t13:15:00.000,2023-11-29t13:36:00.000,,lga,,2023-11-29t14:38:00.000,,air canada,638,ac638
departure,active,yul,,40,2023-11-29t13:05:00.000,,2023-11-29t13:45:00.000,dtw,,2023-11-29t14:32:00.000,,air canada,581,ac581
departure,active,yul,,0,2023-11-29t13:05:00.000,,,ewr,,2023-11-29t14:19:00.000,,air canada,940,ac940
departure,active,yul,,30,2023-11-29t13:45:00.000,,2023-11-29t14:15:00.000,dca,,2023-11-29t15:34:00.000,2023-11-29t15:37:00.000,air canada,823,ac823
departure,active,yul,,26,2023-11-29t14:00:00.000,,2023-11-29t14:25:00.000,yow,,2023-11-29t14:49:00.000,2023-11-29t14:48:00.000,air canada,5,ac5
departure,active,yul,,47,2023-11-29t13:35:00.000,,2023-11-29t14:22:00.000,ysj,,2023-11-29t15:49:00.000,,air canada,44,ac44
departure,active,yul,,3,2023-11-29t15:30:00.000,2023-11-29t15:40:00.000,2023-11-29t15:33:00.000,pbi,,2023-11-29t19:25:00.000,2023-11-29t18:50:00.000,airsprint,668,
departure,active,yul,,19,2023-11-29t15:05:00.000,,2023-11-29t15:24:00.000,ewr,,2023-11-29t16:20:00.000,2023-11-29t16:11:00.000,air canada,942,ac942
departure,active,yul,,17,2023-11-29t15:20:00.000,,2023-11-29t15:37:00.000,lga,,2023-11-29t16:43:00.000,2023-11-29t16:26:00.000,air canada,640,ac640
departure,active,yul,,0,2023-11-29t17:00:00.000,,2023-11-29t16:36:00.000,hpn,,2023-11-29t17:29:00.000,2023-11-29t17:29:00.000,netjets aviation,336,1i336
departure,active,yul,,13,2023-11-29t17:05:00.000,,2023-11-29t17:18:00.000,yow,,2023-11-29t17:50:00.000,2023-11-29t17:43:00.000,air canada,9,ac9
departure,active,yul,,24,2023-11-29t18:25:00.000,2023-11-29t18:46:00.000,2023-11-29t18:48:00.000,atl,,2023-11-29t20:50:00.000,2023-11-29t21:16:00.000,air canada,569,ac569
departure,active,yul,,36,2023-11-29t17:30:00.000,2023-11-29t17:51:00.000,2023-11-29t18:05:00.000,msp,,2023-11-29t19:26:00.000,2023-11-29t19:31:00.000,air canada,851,ac851
departure,active,yul,,51,2023-11-29t17:30:00.000,2023-11-29t18:06:00.000,2023-11-29t18:20:00.000,lga,,2023-11-29t19:01:00.000,2023-11-29t19:23:00.000,air canada,642,ac642
departure,active,yul,,45,2023-11-29t18:30:00.000,2023-11-29t19:15:00.000,,yow,,2023-11-29t19:17:00.000,,air canada,13,ac13
departure,active,yul,,37,2023-11-29t18:55:00.000,2023-11-29t19:16:00.000,2023-11-29t19:31:00.000,jfk,,2023-11-29t20:13:00.000,2023-11-29t20:40:00.000,air canada,898,ac898
departure,active,yul,55,21,2023-11-29t19:05:00.000,2023-11-29t19:26:00.000,,cdg,2e,2023-11-30t08:05:00.000,,delta air lines,8612,dl8612
departure,active,yul,59,51,2023-11-29t19:05:00.000,2023-11-29t19:30:00.000,2023-11-29t19:55:00.000,ams,,2023-11-30t08:05:00.000,,air france,8276,af8276
departure,active,yul,a48,31,2023-11-29t19:10:00.000,2023-11-29t19:10:00.000,2023-11-29t19:40:00.000,yyz,1,2023-11-29t20:46:00.000,2023-11-29t20:36:00.000,azul,7807,ad7807
departure,active,yul,a6,40,2023-11-29t19:25:00.000,2023-11-29t19:34:00.000,2023-11-29t20:04:00.000,yyz,3,2023-11-29t21:00:00.000,2023-11-29t20:48:00.000,porter,130,p3130
departure,active,yul,a60,80,2023-11-29t19:40:00.000,2023-11-29t21:00:00.000,,lhr,2,2023-11-30t07:10:00.000,,aegean airlines,3089,a33089
departure,active,yul,c76,110,2023-11-29t19:40:00.000,2023-11-29t21:30:00.000,,mco,b,2023-11-29t23:18:00.000,,air canada rouge,1638,rv1638
departure,active,yul,a49,31,2023-11-29t19:45:00.000,2023-11-29t19:41:00.000,2023-11-29t20:15:00.000,yyc,,2023-11-29t22:43:00.000,2023-11-29t22:34:00.000,lufthansa,6844,lh6844
departure,active,yul,c74,48,2023-11-29t19:45:00.000,2023-11-29t20:33:00.000,,ord,2,2023-11-29t21:23:00.000,,united airlines,8687,ua8687
departure,active,yul,,48,2023-11-29t19:45:00.000,2023-11-29t20:41:00.000,2023-11-29t20:33:00.000,ord,,2023-11-29t21:06:00.000,2023-11-29t21:35:00.000,air canada,967,ac967
departure,active,yul,c73,34,2023-11-29t19:50:00.000,2023-11-29t20:24:00.000,,dca,1,2023-11-29t21:45:00.000,,united airlines,8366,ua8366
departure,active,yul,a1,56,2023-11-29t20:00:00.000,2023-11-29t20:28:00.000,2023-11-29t20:55:00.000,ywg,,2023-11-29t22:17:00.000,,lufthansa,6556,lh6556
departure,active,yul,c82,7,2023-11-29t20:00:00.000,2023-11-29t20:07:00.000,,lga,b,2023-11-29t21:38:00.000,,united airlines,8400,ua8400
departure,active,yul,c87,35,2023-11-29t20:00:00.000,2023-11-29t20:35:00.000,,ewr,a,2023-11-29t21:44:00.000,,tap air portugal,8069,tp8069
departure,active,yul,a8,12,2023-11-29t20:00:00.000,2023-11-29t20:00:00.000,2023-11-29t20:11:00.000,yhz,,2023-11-29t22:41:00.000,2023-11-29t22:35:00.000,air transat,7829,ts7829
departure,active,yul,a47,36,2023-11-29t20:10:00.000,2023-11-29t20:15:00.000,2023-11-29t20:46:00.000,yyz,1,2023-11-29t21:46:00.000,2023-11-29t21:40:00.000,eva air,3089,br3089
departure,active,yul,a51,20,2023-11-29t20:15:00.000,2023-11-29t20:35:00.000,,muc,2,2023-11-30t09:30:00.000,,air canada,9098,ac9098
departure,active,yul,a66,42,2023-11-29t20:15:00.000,2023-11-29t20:36:00.000,2023-11-29t20:57:00.000,lis,1,2023-11-30t07:45:00.000,2023-11-30t07:55:00.000,porter airlines,7680,pd7680
departure,active,yul,a64,44,2023-11-29t20:20:00.000,2023-11-29t20:20:00.000,2023-11-29t21:04:00.000,cdg,3,2023-11-30t09:20:00.000,2023-11-30t09:14:00.000,porter airlines,7110,pd7110
departure,active,yul,a52,42,2023-11-29t20:25:00.000,2023-11-29t20:24:00.000,2023-11-29t21:06:00.000,tls,,2023-11-30t09:50:00.000,2023-11-30t09:25:00.000,lufthansa,6753,lh6753
departure,active,yul,a50,14,2023-11-29t20:30:00.000,2023-11-29t20:25:00.000,2023-11-29t20:44:00.000,del,3,2023-11-30t21:50:00.000,2023-11-30t20:34:00.000,united airlines,8041,ua8041
departure,active,yul,a67,51,2023-11-29t20:30:00.000,2023-11-29t20:45:00.000,2023-11-29t21:20:00.000,mxp,1,2023-11-30t10:25:00.000,2023-11-30t09:40:00.000,lufthansa,6757,lh6757
departure,active,yul,a56,24,2023-11-29t20:35:00.000,2023-11-29t20:59:00.000,,cmn,2,2023-11-30t09:10:00.000,,royal air maroc,209,at209
departure,active,yul,a9,3,2023-11-29t20:45:00.000,2023-11-29t20:48:00.000,,yeg,,2023-11-29t23:37:00.000,,lufthansa,6711,lh6711
departure,active,yul,a63,27,2023-11-29t20:45:00.000,2023-11-29t20:45:00.000,2023-11-29t21:12:00.000,fco,3,2023-11-30t11:00:00.000,2023-11-30t10:18:00.000,lufthansa,6707,lh6707
departure,active,yul,a4,24,2023-11-29t20:45:00.000,2023-11-29t21:09:00.000,,yow,,2023-11-29t21:38:00.000,,lufthansa,6692,lh6692
departure,active,yul,a61,15,2023-11-29t20:45:00.000,2023-11-29t21:00:00.000,,lhr,5,2023-11-30t08:20:00.000,,finnair,5994,ay5994
departure,active,yul,a27,20,2023-11-29t20:50:00.000,2023-11-29t21:10:00.000,,yfc,,2023-11-29t23:03:00.000,,turkish airlines,9116,tk9116
departure,active,yul,a28,45,2023-11-29t20:50:00.000,2023-11-29t21:30:00.000,2023-11-29t21:35:00.000,yqm,,2023-11-29t23:20:00.000,,lufthansa,6774,lh6774
departure,active,yul,a58,36,2023-11-29t20:50:00.000,2023-11-29t21:26:00.000,,doh,,2023-11-30t17:00:00.000,,malaysia airlines,9296,mh9296
departure,active,yul,a6,7,2023-11-29t20:55:00.000,2023-11-29t20:48:00.000,2023-11-29t21:02:00.000,ytz,,2023-11-29t22:20:00.000,2023-11-29t22:02:00.000,porter,2462,p32462
departure,active,yul,a6,105,2023-11-29t21:00:00.000,2023-11-29t22:45:00.000,,yhz,,2023-11-29t23:36:00.000,,lufthansa,6594,lh6594
departure,active,yul,a57,17,2023-11-29t21:25:00.000,2023-11-29t21:25:00.000,2023-11-29t21:42:00.000,cdg,2b,2023-11-30t10:20:00.000,2023-11-30t09:49:00.000,aegean airlines,3063,a33063
departure,active,yul,a68,8,2023-11-29t21:30:00.000,2023-11-29t21:38:00.000,,lys,1,2023-11-30t11:00:00.000,,lufthansa,6729,lh6729
departure,active,yul,a48,0,2023-11-29t21:30:00.000,2023-11-29t21:29:00.000,,yyt,,2023-11-30t01:30:00.000,,lufthansa,6686,lh6686
departure,active,yul,a60,34,2023-11-29t21:45:00.000,2023-11-29t22:19:00.000,,lis,1,2023-11-30t09:25:00.000,,tap air portugal,254,tp254
departure,cancelled,yul,a2,10,2023-11-29t21:50:00.000,2023-11-29t22:00:00.000,,yqb,,2023-11-29t22:48:00.000,,lufthansa,6640,lh6640
departure,active,yul,a65,29,2023-11-29t21:55:00.000,2023-11-29t21:55:00.000,2023-11-29t22:24:00.000,ist,,2023-11-30t15:25:00.000,2023-11-30t14:44:00.000,air serbia,8279,ju8279
departure,active,yul,a47,45,2023-11-29t22:00:00.000,2023-11-29t22:45:00.000,,yyz,1,2023-11-29t23:36:00.000,,air canada,429,ac429
departure,active,yul,a59,2,2023-11-29t23:10:00.000,2023-11-29t22:55:00.000,2023-11-29t23:12:00.000,mex,2,2023-11-30t04:40:00.000,2023-11-30t03:16:00.000,latam airlines,7599,la7599
departure,active,yul,,35,2023-11-29t20:00:00.000,2023-11-29t20:21:00.000,2023-11-29t20:34:00.000,ewr,,2023-11-29t21:21:00.000,2023-11-29t21:31:00.000,air canada,946,ac946
departure,active,yul,,21,2023-11-29t20:00:00.000,2023-11-29t20:21:00.000,,lga,,2023-11-29t21:31:00.000,,air canada,646,ac646
departure,active,yul,a2,25,2023-11-30t05:00:00.000,2023-11-30t05:21:00.000,2023-11-30t05:25:00.000,yyz,1,2023-11-30t06:34:00.000,2023-11-30t06:24:00.000,air canada,7773,ac7773
departure,active,yul,a48,11,2023-11-30t06:00:00.000,2023-11-30t05:55:00.000,2023-11-30t06:10:00.000,yyz,1,2023-11-30t07:40:00.000,2023-11-30t07:03:00.000,air canada,481,ac481
departure,active,yul,c86,25,2023-11-30t06:00:00.000,2023-11-30t06:30:00.000,2023-11-30t06:25:00.000,jfk,4,2023-11-30t07:59:00.000,2023-11-30t07:24:00.000,alitalia,5964,az5964
departure,active,yul,a60,31,2023-11-30t06:00:00.000,2023-11-30t06:13:00.000,2023-11-30t06:31:00.000,ccc,,2023-11-30t10:10:00.000,2023-11-30t09:58:00.000,sunwing,6404,wg6404
departure,active,yul,,5,2023-11-30t06:00:00.000,,2023-11-30t06:05:00.000,ygk,,2023-11-30t07:00:00.000,2023-11-30t06:52:00.000,air creebec,703,yn703
departure,active,yul,c82,11,2023-11-30t06:05:00.000,2023-11-30t06:05:00.000,2023-11-30t06:16:00.000,ord,1,2023-11-30t08:01:00.000,2023-11-30t07:13:00.000,air canada,3054,ac3054
departure,active,yul,c56,23,2023-11-30t06:30:00.000,2023-11-30t06:57:00.000,2023-11-30t06:52:00.000,fll,4,2023-11-30t10:20:00.000,2023-11-30t10:00:00.000,air transat,2844,ts2844
departure,active,yul,c88,11,2023-11-30t06:44:00.000,2023-11-30t06:49:00.000,2023-11-30t06:55:00.000,lga,c,2023-11-30t08:29:00.000,2023-11-30t07:48:00.000,westjet,6434,ws6434
departure,active,yul,c84,37,2023-11-30t06:45:00.000,2023-11-30t06:45:00.000,2023-11-30t07:21:00.000,dtw,em,2023-11-30t09:04:00.000,2023-11-30t08:49:00.000,korean air,3362,ke3362
departure,active,yul,c58,15,2023-11-30t06:45:00.000,2023-11-30t07:00:00.000,,mco,a,2023-11-30t10:20:00.000,,air transat,820,ts820
departure,active,yul,a63,20,2023-11-30t06:45:00.000,2023-11-30t06:55:00.000,2023-11-30t07:05:00.000,ptp,,2023-11-30t12:35:00.000,2023-11-30t12:25:00.000,air transat,894,ts894
departure,active,yul,a34,9,2023-11-30t06:45:00.000,2023-11-30t06:45:00.000,2023-11-30t06:53:00.000,yqb,,2023-11-30t07:40:00.000,2023-11-30t07:30:00.000,pal airlines,832,pb832
departure,active,yul,a47,16,2023-11-30t07:00:00.000,2023-11-30t07:00:00.000,2023-11-30t07:15:00.000,yyz,1,2023-11-30t08:36:00.000,2023-11-30t08:12:00.000,egyptair,9603,ms9603
departure,active,yul,c85,9,2023-11-30t07:00:00.000,2023-11-30t07:00:00.000,2023-11-30t07:09:00.000,atl,i,2023-11-30t10:15:00.000,2023-11-30t09:32:00.000,aeromexico,4314,am4314
departure,active,yul,a59,18,2023-11-30t07:00:00.000,2023-11-30t07:00:00.000,2023-11-30t07:17:00.000,fdf,,2023-11-30t13:05:00.000,2023-11-30t12:44:00.000,air transat,738,ts738
departure,active,yul,c80,12,2023-11-30t07:00:00.000,2023-11-30t07:00:00.000,2023-11-30t07:12:00.000,ewr,c,2023-11-30t08:52:00.000,2023-11-30t08:04:00.000,air canada,4594,ac4594
departure,active,yul,a64,24,2023-11-30t07:00:00.000,2023-11-30t07:00:00.000,2023-11-30t07:23:00.000,hog,,2023-11-30t11:10:00.000,2023-11-30t11:06:00.000,sunwing,6450,wg6450
departure,active,yul,a8,14,2023-11-30t07:00:00.000,2023-11-30t07:00:00.000,2023-11-30t07:14:00.000,ytz,,2023-11-30t08:25:00.000,2023-11-30t08:20:00.000,porter,2452,p32452
departure,active,yul,a66,31,2023-11-30t07:05:00.000,2023-11-30t07:20:00.000,2023-11-30t07:35:00.000,puj,a,2023-11-30t12:30:00.000,2023-11-30t12:23:00.000,air transat,398,ts398
departure,active,yul,a68,37,2023-11-30t07:05:00.000,2023-11-30t07:14:00.000,2023-11-30t07:41:00.000,vra,,2023-11-30t11:15:00.000,2023-11-30t11:14:00.000,air transat,812,ts812
departure,active,yul,a51,16,2023-11-30t07:10:00.000,2023-11-30t07:04:00.000,2023-11-30t07:25:00.000,yvr,d,2023-11-30t10:00:00.000,2023-11-30t09:27:00.000,ana,6819,nh6819
departure,active,yul,c83,13,2023-11-30t07:15:00.000,2023-11-30t07:41:00.000,2023-11-30t07:28:00.000,lga,b,2023-11-30t08:53:00.000,2023-11-30t08:16:00.000,american airlines,4469,aa4469
departure,active,yul,a49,30,2023-11-30t07:15:00.000,2023-11-30t07:25:00.000,2023-11-30t07:44:00.000,yow,,2023-11-30t07:55:00.000,2023-11-30t08:07:00.000,tap air portugal,8031,tp8031
departure,active,yul,a62,0,2023-11-30t07:20:00.000,2023-11-30t07:20:00.000,,cun,4,2023-11-30t12:15:00.000,,air transat,538,ts538
departure,active,yul,c81,23,2023-11-30t07:20:00.000,2023-11-30t07:50:00.000,2023-11-30t07:42:00.000,clt,,2023-11-30t10:15:00.000,2023-11-30t09:41:00.000,american airlines,5037,aa5037
departure,active,yul,a32,14,2023-11-30t07:30:00.000,2023-11-30t07:45:00.000,2023-11-30t07:43:00.000,ytz,,2023-11-30t08:56:00.000,2023-11-30t08:49:00.000,air canada,7953,ac7953
departure,active,yul,c87,9,2023-11-30t07:30:00.000,2023-11-30t07:30:00.000,2023-11-30t07:38:00.000,msp,1,2023-11-30t09:47:00.000,2023-11-30t08:58:00.000,air france,2432,af2432
departure,active,yul,,25,2023-11-30t07:30:00.000,2023-11-30t07:40:00.000,2023-11-30t07:55:00.000,yvo,,2023-11-30t08:55:00.000,2023-11-30t09:11:00.000,air creebec,219,yn219
departure,active,yul,c75,12,2023-11-30t07:35:00.000,2023-11-30t07:45:00.000,2023-11-30t07:46:00.000,fll,2,2023-11-30t11:23:00.000,2023-11-30t10:51:00.000,air canada rouge,1600,rv1600
departure,active,yul,c79,18,2023-11-30t07:40:00.000,2023-11-30t08:02:00.000,2023-11-30t07:58:00.000,phl,f,2023-11-30t09:40:00.000,2023-11-30t09:06:00.000,american airlines,5876,aa5876
departure,active,yul,a6,9,2023-11-30t07:40:00.000,2023-11-30t07:40:00.000,2023-11-30t07:49:00.000,yyz,3,2023-11-30t09:16:00.000,2023-11-30t08:51:00.000,air transat,7702,ts7702
departure,active,yul,a4,25,2023-11-30t07:55:00.000,2023-11-30t08:20:00.000,,yyg,,2023-11-30t10:27:00.000,,air canada,8214,ac8214
departure,active,yul,a48,125,2023-11-30t07:55:00.000,2023-11-30t10:00:00.000,,yhz,,2023-11-30t10:31:00.000,,tap air portugal,8045,tp8045
departure,active,yul,a15,33,2023-11-30t07:55:00.000,2023-11-30t08:16:00.000,2023-11-30t08:27:00.000,yqm,,2023-11-30t10:23:00.000,2023-11-30t10:32:00.000,air canada,7992,ac7992
departure,active,yul,a10,13,2023-11-30t07:55:00.000,2023-11-30t07:55:00.000,2023-11-30t08:08:00.000,yvo,,2023-11-30t09:20:00.000,2023-11-30t09:26:00.000,air creebec,921,yn921
departure,active,yul,c76,4,2023-11-30t08:00:00.000,2023-11-30t07:48:00.000,2023-11-30t08:03:00.000,msy,,2023-11-30t10:59:00.000,2023-11-30t10:19:00.000,united airlines,6620,ua6620
departure,active,yul,a60,26,2023-11-30t08:00:00.000,2023-11-30t08:06:00.000,2023-11-30t08:25:00.000,puj,a,2023-11-30t13:30:00.000,2023-11-30t13:21:00.000,sunwing,4426,wg4426
departure,active,yul,c77,13,2023-11-30t08:00:00.000,2023-11-30t07:58:00.000,2023-11-30t08:13:00.000,las,3,2023-11-30t10:50:00.000,2023-11-30t10:10:00.000,air canada rouge,1707,rv1707
departure,active,yul,c73,17,2023-11-30t08:00:00.000,2023-11-30t08:17:00.000,,bos,b,2023-11-30t09:28:00.000,,united airlines,8416,ua8416
departure,active,yul,c74,35,2023-11-30t08:00:00.000,2023-11-30t08:35:00.000,,lga,b,2023-11-30t09:38:00.000,,united airlines,8182,ua8182
departure,active,yul,a30,18,2023-11-30t08:05:00.000,2023-11-30t08:23:00.000,,ydf,,2023-11-30t11:43:00.000,,air canada,7718,ac7718
departure,active,yul,a55,17,2023-11-30t08:05:00.000,2023-11-30t08:22:00.000,,cun,3,2023-11-30t13:15:00.000,,air canada,926,ac926
departure,active,yul,a7,37,2023-11-30t08:10:00.000,2023-11-30t08:24:00.000,2023-11-30t08:46:00.000,yyc,,2023-11-30t11:08:00.000,2023-11-30t10:50:00.000,turkish airlines,9102,tk9102
departure,active,yul,a1,38,2023-11-30t08:10:00.000,2023-11-30t08:23:00.000,2023-11-30t08:48:00.000,yeg,,2023-11-30t11:02:00.000,2023-11-30t11:05:00.000,turkish airlines,9106,tk9106
departure,active,yul,a5,30,2023-11-30t08:10:00.000,2023-11-30t08:15:00.000,2023-11-30t08:40:00.000,yyz,1,2023-11-30t09:46:00.000,2023-11-30t09:36:00.000,azul,7805,ad7805
departure,active,yul,a57,27,2023-11-30t08:15:00.000,2023-11-30t08:48:00.000,2023-11-30t08:41:00.000,puj,a,2023-11-30t13:40:00.000,2023-11-30t13:18:00.000,air canada,944,ac944
departure,active,yul,a61,22,2023-11-30t08:15:00.000,2023-11-30t08:25:00.000,2023-11-30t08:36:00.000,pls,,2023-11-30t12:40:00.000,2023-11-30t12:23:00.000,air canada,1332,ac1332
departure,active,yul,a27,16,2023-11-30t08:15:00.000,2023-11-30t08:31:00.000,,yow,,2023-11-30t09:08:00.000,,air canada,8001,ac8001
departure,active,yul,c88,23,2023-11-30t08:15:00.000,2023-11-30t08:38:00.000,,ewr,a,2023-11-30t09:54:00.000,,united airlines,8487,ua8487
departure,active,yul,a67,33,2023-11-30t08:20:00.000,2023-11-30t08:35:00.000,2023-11-30t08:52:00.000,pop,,2023-11-30t13:30:00.000,2023-11-30t13:36:00.000,air transat,890,ts890
departure,active,yul,a17,30,2023-11-30t08:30:00.000,2023-11-30t08:32:00.000,2023-11-30t08:59:00.000,yvr,d,2023-11-30t11:09:00.000,2023-11-30t11:14:00.000,lynx air,166,y9166
departure,active,yul,c84,34,2023-11-30t08:30:00.000,2023-11-30t08:30:00.000,2023-11-30t09:03:00.000,den,,2023-11-30t11:06:00.000,2023-11-30t10:48:00.000,united airlines,8523,ua8523
departure,active,yul,c85,21,2023-11-30t08:30:00.000,2023-11-30t08:26:00.000,2023-11-30t08:51:00.000,mia,s,2023-11-30t12:25:00.000,2023-11-30t12:06:00.000,sa avianca,6951,av6951
departure,active,yul,a11,35,2023-11-30t08:30:00.000,2023-11-30t08:39:00.000,2023-11-30t09:05:00.000,yqb,,2023-11-30t09:28:00.000,2023-11-30t09:35:00.000,air canada rouge,1960,rv1960
departure,active,yul,a2,35,2023-11-30t08:30:00.000,2023-11-30t08:45:00.000,2023-11-30t09:04:00.000,ytz,,2023-11-30t09:56:00.000,2023-11-30t10:02:00.000,air canada,7955,ac7955
departure,active,yul,c81,25,2023-11-30t08:30:00.000,2023-11-30t08:55:00.000,,dca,1,2023-11-30t10:25:00.000,,united airlines,8666,ua8666
departure,active,yul,c83,33,2023-11-30t08:30:00.000,2023-11-30t09:03:00.000,,ord,2,2023-11-30t10:12:00.000,,united airlines,8371,ua8371
departure,active,yul,a25,36,2023-11-30t08:30:00.000,2023-11-30t08:50:00.000,2023-11-30t09:06:00.000,ygw,,2023-11-30t11:25:00.000,2023-11-30t11:32:00.000,air inuit,802,3h802
departure,active,yul,a64,34,2023-11-30t08:45:00.000,2023-11-30t09:10:00.000,2023-11-30t09:18:00.000,sxm,,2023-11-30t14:30:00.000,2023-11-30t14:40:00.000,sunwing,764,wg764
departure,active,yul,a65,19,2023-11-30t08:50:00.000,2023-11-30t08:49:00.000,2023-11-30t09:09:00.000,nas,a,2023-11-30t12:45:00.000,2023-11-30t12:18:00.000,air canada,938,ac938
departure,active,yul,a52,33,2023-11-30t08:50:00.000,2023-11-30t08:57:00.000,2023-11-30t09:22:00.000,lir,,2023-11-30t13:55:00.000,2023-11-30t13:41:00.000,air canada,1331,ac1331
departure,active,yul,c56,16,2023-11-30t08:55:00.000,2023-11-30t08:49:00.000,2023-11-30t09:10:00.000,fll,2,2023-11-30t12:51:00.000,2023-11-30t12:12:00.000,air canada,1002,ac1002
departure,active,yul,a51,32,2023-11-30t09:00:00.000,2023-11-30t09:10:00.000,2023-11-30t09:32:00.000,fdf,,2023-11-30t15:05:00.000,2023-11-30t14:54:00.000,air canada,954,ac954
departure,active,yul,a12,34,2023-11-30t09:00:00.000,2023-11-30t09:30:00.000,2023-11-30t09:34:00.000,ybg,,2023-11-30t10:11:00.000,2023-11-30t10:19:00.000,turkish airlines,9122,tk9122
departure,active,yul,a59,29,2023-11-30t09:01:00.000,2023-11-30t08:56:00.000,2023-11-30t09:30:00.000,mex,2,2023-11-30t14:30:00.000,2023-11-30t13:46:00.000,latam airlines,7728,la7728
departure,active,yul,a47,28,2023-11-30t09:10:00.000,2023-11-30t09:15:00.000,2023-11-30t09:38:00.000,yyz,1,2023-11-30t10:46:00.000,2023-11-30t10:32:00.000,egyptair,9607,ms9607
departure,active,yul,a23,14,2023-11-30t09:15:00.000,2023-11-30t09:25:00.000,2023-11-30t09:29:00.000,yqb,,2023-11-30t10:05:00.000,2023-11-30t10:09:00.000,air inuit,832,3h832
departure,active,yul,a58,11,2023-11-30t09:15:00.000,2023-11-30t09:25:00.000,2023-11-30t09:25:00.000,cur,,2023-11-30t15:40:00.000,2023-11-30t15:05:00.000,air canada rouge,1844,rv1844
departure,active,yul,a28,18,2023-11-30t09:15:00.000,2023-11-30t09:33:00.000,,yqy,,2023-11-30t12:06:00.000,,air canada,8096,ac8096
departure,active,yul,c80,0,2023-11-30t09:15:00.000,2023-11-30t09:15:00.000,,iad,,2023-11-30t11:21:00.000,,air canada,4927,ac4927
departure,active,yul,c82,31,2023-11-30t09:20:00.000,2023-11-30t09:27:00.000,2023-11-30t09:51:00.000,mco,b,2023-11-30t12:58:00.000,2023-11-30t12:48:00.000,air canada rouge,1634,rv1634
departure,cancelled,yul,a49,0,2023-11-30t09:30:00.000,,,yow,,2023-11-30t10:00:00.000,,air canada,7083,ac7083
departure,active,yul,a63,18,2023-11-30t09:20:00.000,2023-11-30t09:38:00.000,,dxb,3,2023-12-01t06:30:00.000,,emirates,244,ek244
departure,active,yul,a21,37,2023-11-30t09:30:00.000,2023-11-30t09:56:00.000,2023-11-30t10:07:00.000,ygl,,2023-11-30t11:10:00.000,2023-11-30t11:36:00.000,air inuit,704,3h704
departure,active,yul,a66,14,2023-11-30t09:30:00.000,2023-11-30t09:50:00.000,2023-11-30t09:44:00.000,cun,2,2023-11-30t14:25:00.000,2023-11-30t14:01:00.000,sunwing,519,wg519
departure,active,yul,a8,10,2023-11-30t09:35:00.000,2023-11-30t09:35:00.000,2023-11-30t09:45:00.000,ytz,,2023-11-30t11:00:00.000,2023-11-30t10:55:00.000,air transat,7858,ts7858
departure,active,yul,c75,32,2023-11-30t09:50:00.000,2023-11-30t09:44:00.000,2023-11-30t10:21:00.000,iah,a,2023-11-30t13:27:00.000,2023-11-30t13:12:00.000,united airlines,8706,ua8706
departure,cancelled,yul,a34,0,2023-11-30t09:55:00.000,,,ywk,,2023-11-30t13:20:00.000,,pal airlines,848,pb848
departure,active,yul,a6,0,2023-11-30t09:55:00.000,2023-11-30t09:55:00.000,2023-11-30t09:54:00.000,yyz,3,2023-11-30t11:31:00.000,2023-11-30t10:50:00.000,air transat,7712,ts7712
departure,active,yul,a32,10,2023-11-30t10:00:00.000,2023-11-30t10:15:00.000,2023-11-30t10:10:00.000,yzv,,2023-11-30t11:41:00.000,2023-11-30t11:29:00.000,turkish airlines,9130,tk9130
departure,active,yul,a60,20,2023-11-30t10:00:00.000,2023-11-30t10:00:00.000,2023-11-30t10:20:00.000,puj,a,2023-11-30t15:30:00.000,2023-11-30t15:02:00.000,sunwing,4428,wg4428
departure,active,yul,a68,23,2023-11-30t10:00:00.000,2023-11-30t10:00:00.000,2023-11-30t10:23:00.000,sjd,2,2023-11-30t14:35:00.000,2023-11-30t14:07:00.000,sunwing,5477,wg5477
departure,active,yul,a19,13,2023-11-30t10:00:00.000,2023-11-30t10:00:00.000,2023-11-30t10:13:00.000,yvp,,2023-11-30t12:20:00.000,2023-11-30t12:14:00.000,canadian north,162,5t162
departure,active,yul,a49,17,2023-11-30t10:10:00.000,2023-11-30t10:12:00.000,2023-11-30t10:27:00.000,yyz,1,2023-11-30t11:46:00.000,2023-11-30t11:25:00.000,aer lingus,8511,ei8511
departure,active,yul,c84,15,2023-11-30t10:15:00.000,2023-11-30t10:21:00.000,2023-11-30t10:29:00.000,lga,c,2023-11-30t11:49:00.000,2023-11-30t11:19:00.000,westjet,6389,ws6389
departure,active,yul,a4,9,2023-11-30t10:30:00.000,2023-11-30t10:45:00.000,2023-11-30t10:39:00.000,ytz,,2023-11-30t11:56:00.000,2023-11-30t11:46:00.000,emirates,5803,ek5803
departure,active,yul,a2,21,2023-11-30t10:40:00.000,2023-11-30t10:55:00.000,2023-11-30t11:01:00.000,yuy,,2023-11-30t12:04:00.000,2023-11-30t12:10:00.000,turkish airlines,9126,tk9126
departure,active,yul,a12,38,2023-11-30t10:45:00.000,2023-11-30t10:45:00.000,2023-11-30t11:22:00.000,ytz,,2023-11-30t12:10:00.000,2023-11-30t12:25:00.000,porter,2460,p32460
departure,active,yul,a8,10,2023-11-30t10:45:00.000,2023-11-30t10:45:00.000,2023-11-30t10:55:00.000,yhz,,2023-11-30t13:25:00.000,2023-11-30t13:14:00.000,air transat,7861,ts7861
departure,active,yul,c81,24,2023-11-30t10:53:00.000,2023-11-30t11:17:00.000,2023-11-30t11:16:00.000,lga,b,2023-11-30t12:30:00.000,2023-11-30t12:09:00.000,american airlines,4550,aa4550
departure,active,yul,a67,14,2023-11-30t11:00:00.000,2023-11-30t11:10:00.000,2023-11-30t11:14:00.000,lir,,2023-11-30t16:00:00.000,2023-11-30t15:34:00.000,air transat,600,ts600
departure,active,yul,c76,8,2023-11-30t11:00:00.000,2023-11-30t10:49:00.000,2023-11-30t11:07:00.000,las,3,2023-11-30t13:50:00.000,2023-11-30t13:17:00.000,air canada,1271,ac1271
departure,active,yul,a34,29,2023-11-30t11:00:00.000,2023-11-30t11:29:00.000,,yow,,2023-11-30t11:49:00.000,,air canada,8003,ac8003
departure,active,yul,,10,2023-11-30t11:00:00.000,,2023-11-30t11:09:00.000,ymt,,2023-11-30t12:25:00.000,2023-11-30t12:36:00.000,air creebec,237,yn237
departure,active,yul,c80,18,2023-11-30t11:08:00.000,2023-11-30t11:08:00.000,2023-11-30t11:26:00.000,ewr,c,2023-11-30t13:00:00.000,2023-11-30t12:13:00.000,air canada,4604,ac4604
departure,active,yul,a47,45,2023-11-30t11:10:00.000,2023-11-30t11:55:00.000,,yyz,1,2023-11-30t12:46:00.000,,sa avianca,6900,av6900
departure,active,yul,c84,22,2023-11-30t12:05:00.000,2023-11-30t12:05:00.000,2023-11-30t12:26:00.000,jfk,4,2023-11-30t13:59:00.000,2023-11-30t13:25:00.000,air france,5683,af5683
departure,active,yul,a1,31,2023-11-30t12:10:00.000,2023-11-30t12:20:00.000,2023-11-30t12:40:00.000,yyz,1,2023-11-30t13:46:00.000,2023-11-30t13:37:00.000,sa avianca,6919,av6919
departure,active,yul,a66,21,2023-11-30t12:15:00.000,2023-11-30t12:15:00.000,2023-11-30t12:35:00.000,cun,2,2023-11-30t17:10:00.000,2023-11-30t16:37:00.000,sunwing,243,wg243
departure,active,yul,c58,35,2023-11-30t12:25:00.000,2023-11-30t13:00:00.000,,mco,c,2023-11-30t16:05:00.000,,lynx air,661,y9661
departure,active,yul,a6,15,2023-11-30t12:30:00.000,2023-11-30t12:28:00.000,2023-11-30t12:44:00.000,yyz,3,2023-11-30t13:55:00.000,2023-11-30t13:47:00.000,air transat,7726,ts7726
departure,active,yul,a8,54,2023-11-30t12:30:00.000,2023-11-30t12:30:00.000,2023-11-30t13:23:00.000,ytz,,2023-11-30t13:55:00.000,,air transat,7866,ts7866
departure,active,yul,c81,5,2023-11-30t12:58:00.000,2023-11-30t13:17:00.000,2023-11-30t13:03:00.000,phl,f,2023-11-30t14:43:00.000,2023-11-30t14:03:00.000,qatar airways,9104,qr9104
departure,cancelled,yul,a11,0,2023-11-30t13:00:00.000,,,yhz,,2023-11-30t15:36:00.000,,lufthansa,6652,lh6652
departure,active,yul,a2,115,2023-11-30t13:00:00.000,2023-11-30t14:55:00.000,,yqb,,2023-11-30t13:58:00.000,,emirates,5814,ek5814
departure,active,yul,c87,26,2023-11-30t13:05:00.000,2023-11-30t13:10:00.000,2023-11-30t13:31:00.000,dtw,em,2023-11-30t15:17:00.000,2023-11-30t14:58:00.000,air france,5829,af5829
departure,active,yul,c79,23,2023-11-30t13:05:00.000,2023-11-30t13:28:00.000,,dtw,n,2023-11-30t15:06:00.000,,united airlines,8423,ua8423
departure,active,yul,c80,16,2023-11-30t13:05:00.000,2023-11-30t13:21:00.000,,iad,,2023-11-30t15:00:00.000,,united airlines,8535,ua8535
departure,active,yul,c73,38,2023-11-30t13:05:00.000,2023-11-30t13:43:00.000,,ord,2,2023-11-30t14:47:00.000,,united airlines,8031,ua8031
departure,active,yul,a49,17,2023-11-30t13:10:00.000,2023-11-30t13:04:00.000,2023-11-30t13:27:00.000,yyz,1,2023-11-30t14:46:00.000,2023-11-30t14:26:00.000,aer lingus,8515,ei8515
departure,active,yul,c56,60,2023-11-30t13:10:00.000,2023-11-30t14:10:00.000,,fll,2,2023-11-30t17:06:00.000,,brussels airlines,9643,sn9643
departure,active,yul,c74,24,2023-11-30t13:10:00.000,2023-11-30t13:34:00.000,,bos,b,2023-11-30t14:38:00.000,,brussels airlines,9617,sn9617
departure,active,yul,c85,23,2023-11-30t13:15:00.000,2023-11-30t13:38:00.000,,lga,b,2023-11-30t14:45:00.000,,united airlines,8545,ua8545
departure,active,yul,a5,90,2023-11-30t13:20:00.000,2023-11-30t14:50:00.000,,yyt,,2023-11-30t17:20:00.000,,emirates,5806,ek5806
departure,active,yul,c88,19,2023-11-30t13:20:00.000,2023-11-30t13:39:00.000,,phl,d,2023-11-30t14:57:00.000,,united airlines,6618,ua6618
departure,active,yul,c82,21,2023-11-30t13:21:00.000,2023-11-30t13:21:00.000,2023-11-30t13:41:00.000,lga,c,2023-11-30t14:54:00.000,2023-11-30t14:28:00.000,westjet,6382,ws6382
departure,active,yul,c75,27,2023-11-30t13:30:00.000,2023-11-30t13:45:00.000,2023-11-30t13:57:00.000,mco,b,2023-11-30t17:08:00.000,2023-11-30t16:49:00.000,brussels airlines,9613,sn9613
departure,active,yul,a32,14,2023-11-30t13:30:00.000,2023-11-30t13:45:00.000,2023-11-30t13:43:00.000,ytz,,2023-11-30t14:56:00.000,2023-11-30t14:52:00.000,air canada,7965,ac7965
departure,active,yul,a4,13,2023-11-30t13:35:00.000,2023-11-30t13:48:00.000,,ysj,,2023-11-30t15:54:00.000,,united airlines,8117,ua8117
departure,active,yul,c84,12,2023-11-30t13:40:00.000,2023-11-30t13:58:00.000,2023-11-30t13:51:00.000,atl,i,2023-11-30t16:48:00.000,2023-11-30t16:13:00.000,aeromexico,4988,am4988
departure,active,yul,a27,19,2023-11-30t13:40:00.000,2023-11-30t14:01:00.000,2023-11-30t13:59:00.000,yfc,,2023-11-30t15:53:00.000,2023-11-30t15:48:00.000,united airlines,8104,ua8104
departure,active,yul,c76,16,2023-11-30t13:45:00.000,2023-11-30t14:01:00.000,,dca,1,2023-11-30t15:40:00.000,,united airlines,8372,ua8372
departure,active,yul,a48,34,2023-11-30t13:50:00.000,2023-11-30t14:03:00.000,2023-11-30t14:24:00.000,yvr,d,2023-11-30t16:41:00.000,2023-11-30t16:36:00.000,emirates,5805,ek5805
departure,active,yul,a47,26,2023-11-30t13:50:00.000,2023-11-30t14:16:00.000,,ywg,,2023-11-30t16:07:00.000,,lufthansa,6728,lh6728
departure,active,yul,a9,20,2023-11-30t14:00:00.000,2023-11-30t14:20:00.000,,yow,,2023-11-30t14:53:00.000,,emirates,5813,ek5813
departure,active,yul,,0,2023-11-30t14:00:00.000,,,yqb,,2023-11-30t14:40:00.000,,air liaison,920,du920
departure,active,yul,a1,40,2023-11-30t14:10:00.000,2023-11-30t14:20:00.000,2023-11-30t14:49:00.000,yyz,1,2023-11-30t15:46:00.000,2023-11-30t15:45:00.000,etihad airways,3466,ey3466
departure,active,yul,c81,16,2023-11-30t14:20:00.000,2023-11-30t14:46:00.000,2023-11-30t14:35:00.000,clt,,2023-11-30t17:15:00.000,2023-11-30t16:32:00.000,american airlines,5029,aa5029
departure,active,yul,a68,21,2023-11-30t14:25:00.000,2023-11-30t14:35:00.000,2023-11-30t14:46:00.000,cun,4,2023-11-30t19:15:00.000,2023-11-30t19:00:00.000,air transat,938,ts938
departure,active,yul,a66,23,2023-11-30t14:30:00.000,2023-11-30t14:40:00.000,2023-11-30t14:53:00.000,puj,a,2023-11-30t19:55:00.000,2023-11-30t19:45:00.000,air transat,498,ts498
departure,active,yul,a34,29,2023-11-30t14:40:00.000,2023-11-30t14:40:00.000,2023-11-30t15:09:00.000,yqb,,2023-11-30t15:35:00.000,2023-11-30t15:39:00.000,pal airlines,834,pb834
departure,active,yul,c77,25,2023-11-30t15:05:00.000,2023-11-30t15:30:00.000,,ewr,a,2023-11-30t17:00:00.000,,sas,3884,sk3884
departure,active,yul,a60,25,2023-11-30t15:10:00.000,2023-11-30t15:10:00.000,2023-11-30t15:34:00.000,alg,i,2023-12-01t05:00:00.000,2023-12-01t04:20:00.000,air algerie,2701,ah2701
departure,active,yul,a67,17,2023-11-30t15:10:00.000,2023-11-30t15:27:00.000,,hog,,2023-11-30t19:10:00.000,,air transat,2358,ts2358
departure,active,yul,c80,7,2023-11-30t15:10:00.000,2023-11-30t15:17:00.000,,las,3,2023-11-30t17:55:00.000,,lynx air,612,y9612
departure,active,yul,,19,2023-11-30t15:20:00.000,2023-11-30t15:12:00.000,2023-11-30t15:39:00.000,yyz,3,2023-11-30t16:50:00.000,2023-11-30t16:35:00.000,royal jordanian,271,rj271
departure,active,yul,c74,22,2023-11-30t15:20:00.000,2023-11-30t15:42:00.000,,lga,b,2023-11-30t16:50:00.000,,united airlines,8186,ua8186
departure,active,yul,c86,24,2023-11-30t15:21:00.000,2023-11-30t15:21:00.000,2023-11-30t15:45:00.000,jfk,4,2023-11-30t17:15:00.000,2023-11-30t16:41:00.000,air france,5749,af5749
departure,active,yul,a12,21,2023-11-30t15:30:00.000,2023-11-30t15:45:00.000,2023-11-30t15:51:00.000,ytz,,2023-11-30t16:56:00.000,2023-11-30t16:52:00.000,air canada,7969,ac7969
departure,active,yul,c81,15,2023-11-30t15:45:00.000,2023-11-30t15:45:00.000,2023-11-30t16:00:00.000,dfw,a,2023-11-30t19:18:00.000,2023-11-30t18:38:00.000,qatar airways,2377,qr2377
departure,active,yul,a51,19,2023-11-30t16:00:00.000,2023-11-30t16:00:00.000,2023-11-30t16:19:00.000,vra,,2023-11-30t19:50:00.000,2023-11-30t19:55:00.000,sunwing,6488,wg6488
departure,active,yul,a8,21,2023-11-30t16:00:00.000,2023-11-30t16:00:00.000,2023-11-30t16:20:00.000,ytz,,2023-11-30t17:25:00.000,2023-11-30t17:21:00.000,porter,2476,p32476
departure,active,yul,c85,7,2023-11-30t16:03:00.000,2023-11-30t16:03:00.000,2023-11-30t16:10:00.000,phl,f,2023-11-30t17:48:00.000,2023-11-30t17:17:00.000,qatar airways,7854,qr7854
departure,active,yul,a47,29,2023-11-30t16:10:00.000,2023-11-30t16:11:00.000,2023-11-30t16:38:00.000,yyz,1,2023-11-30t17:46:00.000,2023-11-30t17:34:00.000,etihad airways,3464,ey3464
departure,active,yul,a9,16,2023-11-30t16:20:00.000,2023-11-30t16:19:00.000,2023-11-30t16:35:00.000,yyc,,2023-11-30t19:11:00.000,2023-11-30t18:53:00.000,air france,3006,af3006
departure,active,yul,c76,8,2023-11-30t16:20:00.000,2023-11-30t16:13:00.000,2023-11-30t16:28:00.000,bos,b,2023-11-30t17:51:00.000,2023-11-30t17:25:00.000,united airlines,8358,ua8358
departure,active,yul,c75,35,2023-11-30t16:20:00.000,2023-11-30t16:32:00.000,2023-11-30t16:54:00.000,fll,2,2023-11-30t20:08:00.000,2023-11-30t20:01:00.000,air canada rouge,1606,rv1606
departure,active,yul,a66,0,2023-11-30t16:25:00.000,2023-11-30t15:30:00.000,,ccc,,2023-11-30t20:25:00.000,,air transat,856,ts856
departure,active,yul,a6,33,2023-11-30t16:29:00.000,2023-11-30t16:29:00.000,2023-11-30t17:02:00.000,yyz,3,2023-11-30t17:59:00.000,2023-11-30t17:56:00.000,air transat,7720,ts7720
departure,active,yul,a65,16,2023-11-30t16:30:00.000,2023-11-30t16:31:00.000,2023-11-30t16:45:00.000,sjo,m,2023-11-30t21:20:00.000,2023-11-30t20:54:00.000,air canada,959,ac959
departure,active,yul,a32,10,2023-11-30t16:30:00.000,2023-11-30t16:45:00.000,2023-11-30t16:40:00.000,ytz,,2023-11-30t17:56:00.000,2023-11-30t17:47:00.000,swiss,4665,lx4665
departure,active,yul,c80,14,2023-11-30t16:45:00.000,2023-11-30t17:11:00.000,2023-11-30t16:58:00.000,ord,1,2023-11-30t18:41:00.000,2023-11-30t17:55:00.000,air canada,3078,ac3078
departure,cancelled,yul,a59,10,2023-11-30t16:50:00.000,2023-11-30t17:00:00.000,,zrh,2,2023-12-01t06:15:00.000,,air canada,6820,ac6820
departure,active,yul,a50,34,2023-11-30t17:00:00.000,2023-11-30t16:58:00.000,2023-11-30t17:33:00.000,yyz,1,2023-11-30t18:36:00.000,2023-11-30t18:30:00.000,etihad airways,3446,ey3446
departure,active,yul,57,22,2023-11-30t17:00:00.000,2023-11-30t17:00:00.000,2023-11-30t17:22:00.000,cdg,2e,2023-12-01t05:55:00.000,2023-12-01t05:22:00.000,delta air lines,8262,dl8262
departure,active,yul,a49,7,2023-11-30t17:00:00.000,2023-11-30t16:52:00.000,2023-11-30t17:06:00.000,yqb,,2023-11-30t17:58:00.000,2023-11-30t17:37:00.000,swiss,4658,lx4658
departure,active,yul,a64,6,2023-11-30t17:05:00.000,2023-11-30t17:15:00.000,2023-11-30t17:11:00.000,puj,a,2023-11-30t22:45:00.000,2023-11-30t22:05:00.000,air canada rouge,1792,rv1792
departure,active,yul,a10,32,2023-11-30t17:05:00.000,2023-11-30t17:37:00.000,,yow,,2023-11-30t17:54:00.000,,swiss,4682,lx4682
departure,active,yul,a66,70,2023-11-30t17:20:00.000,2023-11-30t18:30:00.000,,snu,,2023-11-30t21:20:00.000,,sunwing,3408,wg3408
departure,active,yul,a4,22,2023-11-30t17:30:00.000,2023-11-30t17:45:00.000,2023-11-30t17:52:00.000,ytz,,2023-11-30t18:56:00.000,2023-11-30t18:51:00.000,air canada,7973,ac7973
departure,active,yul,c77,25,2023-11-30t17:30:00.000,2023-11-30t17:55:00.000,,lga,b,2023-11-30t19:08:00.000,,united airlines,8382,ua8382
departure,active,yul,c84,23,2023-11-30t17:30:00.000,2023-11-30t17:53:00.000,,msp,1,2023-11-30t19:26:00.000,,united airlines,8558,ua8558
departure,active,yul,c81,23,2023-11-30t17:34:00.000,2023-11-30t17:49:00.000,2023-11-30t17:57:00.000,lga,b,2023-11-30t19:11:00.000,2023-11-30t18:48:00.000,american airlines,4772,aa4772
departure,active,yul,c56,37,2023-11-30t17:35:00.000,2023-11-30t17:35:00.000,2023-11-30t18:12:00.000,lax,6,2023-11-30t20:31:00.000,2023-11-30t20:26:00.000,air new zealand,4783,nz4783
departure,active,yul,a8,30,2023-11-30t17:55:00.000,2023-11-30t17:55:00.000,2023-11-30t18:25:00.000,ytz,,2023-11-30t19:20:00.000,2023-11-30t19:25:00.000,air transat,7880,ts7880
departure,active,yul,a11,23,2023-11-30t18:00:00.000,2023-11-30t18:05:00.000,2023-11-30t18:23:00.000,yvr,d,2023-11-30t20:35:00.000,2023-11-30t20:18:00.000,swiss,4674,lx4674
departure,active,yul,a63,39,2023-11-30t18:00:00.000,2023-11-30t18:01:00.000,2023-11-30t18:38:00.000,fra,1,2023-12-01t07:25:00.000,2023-12-01t07:04:00.000,aegean airlines,3077,a33077
departure,active,yul,a48,26,2023-11-30t18:10:00.000,2023-11-30t18:18:00.000,2023-11-30t18:35:00.000,yyz,1,2023-11-30t19:46:00.000,2023-11-30t19:34:00.000,austrian,8254,os8254
departure,active,yul,a59,38,2023-11-30t18:10:00.000,2023-11-30t18:11:00.000,2023-11-30t18:48:00.000,cdg,2b,2023-12-01t07:20:00.000,2023-12-01t07:00:00.000,lufthansa,6809,lh6809
departure,active,yul,c76,26,2023-11-30t18:15:00.000,2023-11-30t18:07:00.000,2023-11-30t18:41:00.000,sfo,2,2023-11-30t21:49:00.000,2023-11-30t21:28:00.000,air new zealand,4807,nz4807
departure,active,yul,c79,6,2023-11-30t18:15:00.000,2023-11-30t18:25:00.000,2023-11-30t18:21:00.000,sea,,2023-11-30t21:14:00.000,2023-11-30t20:37:00.000,united airlines,8085,ua8085
departure,active,yul,a30,27,2023-11-30t18:15:00.000,2023-11-30t18:42:00.000,,yow,,2023-11-30t19:04:00.000,,swiss,4634,lx4634
departure,active,yul,a1,55,2023-11-30t18:25:00.000,2023-11-30t19:20:00.000,,yhz,,2023-11-30t21:01:00.000,,swiss,4633,lx4633
departure,active,yul,c74,30,2023-11-30t18:25:00.000,2023-11-30t18:55:00.000,,atl,i,2023-11-30t21:35:00.000,,united airlines,8256,ua8256
departure,active,yul,c80,23,2023-11-30t18:30:00.000,2023-11-30t18:53:00.000,,iad,,2023-11-30t20:36:00.000,,air canada,4672,ac4672
departure,active,yul,a2,34,2023-11-30t18:30:00.000,2023-11-30t18:45:00.000,2023-11-30t19:04:00.000,ytz,,2023-11-30t19:56:00.000,2023-11-30t20:04:00.000,air canada,7975,ac7975
departure,active,yul,c86,22,2023-11-30t18:40:00.000,2023-11-30t18:40:00.000,2023-11-30t19:01:00.000,atl,i,2023-11-30t21:49:00.000,2023-11-30t21:22:00.000,korean air,3794,ke3794
departure,active,yul,c87,20,2023-11-30t18:40:00.000,2023-11-30t18:40:00.000,2023-11-30t19:00:00.000,lga,c,2023-11-30t20:19:00.000,2023-11-30t19:51:00.000,westjet,6388,ws6388
departure,active,yul,c83,26,2023-11-30t18:40:00.000,2023-11-30t18:41:00.000,2023-11-30t19:05:00.000,dfw,e,2023-11-30t22:10:00.000,2023-11-30t21:41:00.000,united airlines,8377,ua8377
departure,active,yul,c73,23,2023-11-30t18:40:00.000,2023-11-30t19:03:00.000,,lga,b,2023-11-30t20:18:00.000,,united airlines,8549,ua8549
departure,active,yul,c77,23,2023-11-30t18:45:00.000,2023-11-30t18:55:00.000,2023-11-30t19:08:00.000,mia,s,2023-11-30t22:40:00.000,2023-11-30t22:24:00.000,sa avianca,6953,av6953
departure,active,yul,a57,95,2023-11-30t18:45:00.000,2023-11-30t20:20:00.000,,cmn,2,2023-12-01t07:50:00.000,,united airlines,8647,ua8647
departure,active,yul,a61,37,2023-11-30t18:50:00.000,2023-11-30t18:50:00.000,2023-11-30t19:27:00.000,bru,,2023-12-01t07:55:00.000,2023-12-01t07:36:00.000,lufthansa,6599,lh6599
departure,active,yul,a56,52,2023-11-30t18:55:00.000,2023-11-30t19:10:00.000,2023-11-30t19:46:00.000,mex,1,2023-12-01t00:05:00.000,2023-12-01t00:02:00.000,air canada,995,ac995
departure,active,yul,c81,35,2023-11-30t18:55:00.000,2023-11-30t19:30:00.000,,jfk,7,2023-11-30t20:27:00.000,,united airlines,6636,ua6636
departure,active,yul,a8,12,2023-11-30t18:55:00.000,2023-11-30t18:55:00.000,2023-11-30t19:07:00.000,ytz,,2023-11-30t20:20:00.000,2023-11-30t20:14:00.000,air transat,7884,ts7884
departure,active,yul,,24,2023-11-30t13:10:00.000,,2023-11-30t13:33:00.000,bos,,2023-11-30t14:29:00.000,2023-11-30t14:11:00.000,air canada,606,ac606
departure,active,yul,,35,2023-11-29t19:50:00.000,2023-11-29t20:11:00.000,2023-11-29t20:24:00.000,dca,,2023-11-29t21:27:00.000,2023-11-29t21:46:00.000,air canada,825,ac825
departure,active,yul,,23,2023-11-30t08:15:00.000,2023-11-30t08:36:00.000,2023-11-30t08:38:00.000,ewr,,2023-11-30t09:34:00.000,2023-11-30t09:29:00.000,air canada,938,ac938
departure,active,yul,,0,2023-11-29t20:00:00.000,,2023-11-29t19:53:00.000,mia,,2023-11-29t23:55:00.000,2023-11-29t23:05:00.000,airsprint,839,
departure,active,yul,,24,2023-11-29t20:45:00.000,,2023-11-29t21:08:00.000,yow,,2023-11-29t21:34:00.000,2023-11-29t21:31:00.000,air canada,15,ac15
departure,active,yul,,0,2023-11-29t21:15:00.000,,2023-11-29t21:10:00.000,teb,,2023-11-29t21:55:00.000,2023-11-29t21:59:00.000,flexjet,333,lxj333
departure,active,yul,,26,2023-11-29t21:50:00.000,,2023-11-29t22:15:00.000,yqb,,2023-11-29t22:50:00.000,,air canada,2068,ac2068
departure,active,yul,,20,2023-11-29t23:35:00.000,2023-11-29t22:30:00.000,2023-11-29t23:55:00.000,yyc,,2023-11-30t02:55:00.000,2023-11-30t02:14:00.000,flair airlines,9001,f89001
departure,active,yul,,20,2023-11-30t14:00:00.000,,2023-11-30t14:20:00.000,yow,,2023-11-30t14:49:00.000,2023-11-30t14:44:00.000,air canada,5,ac5
departure,active,yul,,13,2023-11-30t18:30:00.000,2023-11-30t18:25:00.000,2023-11-30t18:43:00.000,yhz,,2023-11-30t21:06:00.000,2023-11-30t20:46:00.000,air canada,2194,ac2194
departure,active,yul,,23,2023-11-30t18:40:00.000,2023-11-30t19:01:00.000,2023-11-30t19:03:00.000,lga,,2023-11-30t19:59:00.000,2023-11-30t19:57:00.000,air canada,644,ac644
departure,active,yul,,0,2023-11-30t12:31:00.000,,2023-11-30t12:23:00.000,yhz,,2023-11-30t15:07:00.000,2023-11-30t14:32:00.000,airsprint,510,
departure,active,yul,,24,2023-11-30t07:55:00.000,,2023-11-30t08:19:00.000,yyg,,2023-11-30t10:37:00.000,2023-11-30t10:28:00.000,air canada,214,ac214
departure,active,yul,,18,2023-11-30t08:00:00.000,,2023-11-30t08:17:00.000,bos,,2023-11-30t09:22:00.000,2023-11-30t09:09:00.000,air canada,604,ac604
departure,active,yul,,17,2023-11-30t08:15:00.000,,2023-11-30t08:31:00.000,yow,,2023-11-30t09:04:00.000,2023-11-30t08:54:00.000,air canada,1,ac1
departure,active,yul,,35,2023-11-30t08:00:00.000,,2023-11-30t08:35:00.000,lga,,2023-11-30t09:31:00.000,2023-11-30t09:28:00.000,air canada,634,ac634
departure,active,yul,,32,2023-11-30t08:30:00.000,2023-11-30t08:51:00.000,2023-11-30t09:02:00.000,ord,,2023-11-30t09:57:00.000,2023-11-30t10:02:00.000,air canada,959,ac959
departure,active,yul,,25,2023-11-30t08:30:00.000,,2023-11-30t08:55:00.000,dca,,2023-11-30t10:07:00.000,2023-11-30t10:13:00.000,air canada,821,ac821
departure,active,yul,,1,2023-11-30t09:00:00.000,,2023-11-30t09:00:00.000,mia,,2023-11-30t11:52:00.000,2023-11-30t11:57:00.000,netjets aviation,755,1i755
departure,active,yul,,18,2023-11-30t09:15:00.000,,2023-11-30t09:33:00.000,yqy,,2023-11-30t12:03:00.000,2023-11-30t11:57:00.000,air canada,96,ac96
departure,active,yul,,29,2023-11-30t11:00:00.000,,2023-11-30t11:29:00.000,yow,,2023-11-30t11:33:00.000,2023-11-30t11:55:00.000,air canada,3,ac3
departure,active,yul,,17,2023-11-30t13:05:00.000,,2023-11-30t13:21:00.000,iad,,2023-11-30t14:53:00.000,2023-11-30t14:44:00.000,air canada,723,ac723
departure,active,yul,,24,2023-11-30t13:05:00.000,,2023-11-30t13:28:00.000,dtw,,2023-11-30t14:32:00.000,2023-11-30t14:58:00.000,air canada,581,ac581
departure,active,yul,,24,2023-11-30t13:15:00.000,2023-11-30t13:36:00.000,2023-11-30t13:38:00.000,lga,,2023-11-30t14:38:00.000,2023-11-30t14:28:00.000,air canada,638,ac638
departure,active,yul,,20,2023-11-30t13:20:00.000,2023-11-30t13:41:00.000,2023-11-30t13:40:00.000,phl,,2023-11-30t14:46:00.000,2023-11-30t14:44:00.000,air canada,859,ac859
departure,active,yul,,38,2023-11-30t13:05:00.000,,2023-11-30t13:42:00.000,ord,,2023-11-30t14:32:00.000,2023-11-30t14:43:00.000,air canada,961,ac961
departure,active,yul,,13,2023-11-30t13:35:00.000,,2023-11-30t13:48:00.000,ysj,,2023-11-30t15:54:00.000,2023-11-30t15:43:00.000,air canada,44,ac44
departure,active,yul,,17,2023-11-30t13:45:00.000,,2023-11-30t14:01:00.000,dca,,2023-11-30t15:22:00.000,2023-11-30t15:22:00.000,air canada,823,ac823
departure,active,yul,,22,2023-11-30t15:20:00.000,,2023-11-30t15:42:00.000,lga,,2023-11-30t16:43:00.000,2023-11-30t16:35:00.000,air canada,640,ac640
departure,active,yul,,0,2023-11-30t17:00:00.000,,2023-11-30t17:00:00.000,btv,,2023-11-30t17:21:00.000,2023-11-30t17:20:00.000,flexjet,457,lxj457
departure,active,yul,,32,2023-11-30t17:05:00.000,,2023-11-30t17:37:00.000,yow,,2023-11-30t17:50:00.000,2023-11-30t18:02:00.000,air canada,9,ac9
departure,active,yul,,21,2023-11-30t17:30:00.000,2023-11-30t18:01:00.000,2023-11-30t17:51:00.000,msp,,2023-11-30t18:57:00.000,2023-11-30t19:12:00.000,air canada,851,ac851
departure,active,yul,,25,2023-11-30t17:30:00.000,,2023-11-30t17:55:00.000,lga,,2023-11-30t19:01:00.000,2023-11-30t18:51:00.000,air canada,642,ac642
departure,active,yul,,27,2023-11-30t18:15:00.000,,2023-11-30t18:42:00.000,yow,,2023-11-30t18:48:00.000,2023-11-30t19:08:00.000,air canada,13,ac13
departure,active,yul,,30,2023-11-30t18:25:00.000,,2023-11-30t18:54:00.000,atl,,2023-11-30t20:49:00.000,2023-11-30t21:20:00.000,air canada,569,ac569
departure,active,yul,,0,2023-11-30t18:55:00.000,,,jfk,,2023-11-30t20:13:00.000,,air canada,898,ac898
